LocID,Year,Boarding
ATL,2016,50501858
LAX,2016,39636042
ORD,2016,37589899
DFW,2016,31283579
JFK,2016,29239151
DEN,2016,28267394
SFO,2016,25707101
LAS,2016,22833267
SEA,2016,21887110
CLT,2016,21511880
PHX,2016,20896265
MIA,2016,20875813
MCO,2016,20283541
IAH,2016,20062072
EWR,2016,19923009
MSP,2016,18123844
BOS,2016,17759044
DTW,2016,16847135
LGA,2016,14762593
PHL,2016,14564419
FLL,2016,14263270
BWI,2016,12340972
DCA,2016,11470854
SLC,2016,11143738
MDW,2016,11044387
IAD,2016,10596942
SAN,2016,10340164
HNL,2016,9656340
TPA,2016,9194994
PDX,2016,9071154
DAL,2016,7554596
STL,2016,6793076
BNA,2016,6338517
HOU,2016,6285181
AUS,2016,6095545
OAK,2016,5934639
MSY,2016,5569705
RDU,2016,5401714
MCI,2016,5391557
SJC,2016,5321603
SNA,2016,5217242
SMF,2016,4969366
SJU,2016,4343354
RSW,2016,4239261
IND,2016,4216766
SAT,2016,4179994
CLE,2016,4083476
PIT,2016,3986114
CMH,2016,3567864
OGG,2016,3352813
MKE,2016,3327536
CVG,2016,3269979
PBI,2016,3100624
BDL,2016,2982194
JAX,2016,2729129
ANC,2016,2563524
ABQ,2016,2341719
BUF,2016,2313724
OMA,2016,2127387
ONT,2016,2104625
BUR,2016,2077892
MEM,2016,2016089
CHS,2016,1811695
PVD,2016,1803000
OKC,2016,1796473
RIC,2016,1777648
RNO,2016,1771864
BOI,2016,1633507
SDF,2016,1631494
ORF,2016,1602631
TUS,2016,1594594
GEG,2016,1570652
KOA,2016,1569602
LIH,2016,1458940
GUM,2016,1444299
ELP,2016,1414376
ALB,2016,1388860
LGB,2016,1386357
TUL,2016,1342315
GRR,2016,1334979
SFB,2016,1321675
BHM,2016,1304467
DSM,2016,1216357
ROC,2016,1186002
SAV,2016,1056265
DAY,2016,1019922
PSP,2016,995801
MHT,2016,995403
GSP,2016,991276
SYR,2016,988496
LIT,2016,958824
MYR,2016,944849
PIE,2016,915672
MSN,2016,903155
TYS,2016,887103
PWM,2016,886343
GSO,2016,848261
PNS,2016,792916
ICT,2016,781944
HPN,2016,766170
FAT,2016,761298
STT,2016,729382
IWA,2016,705731
CAK,2016,685553
XNA,2016,673810
COS,2016,657694
ITO,2016,640757
LEX,2016,638316
ISP,2016,597133
BTV,2016,593311
SRQ,2016,589860
MDT,2016,589511
ACY,2016,589091
PGD,2016,558482
CAE,2016,553658
BZN,2016,553245
CID,2016,547786
FAI,2016,538881
HSV,2016,527801
FSD,2016,510105
JAN,2016,491464
EUG,2016,483224
MAF,2016,471490
SGF,2016,462126
LBB,2016,448093
VPS,2016,440002
ECP,2016,434302
GSN,2016,430275
BIL,2016,423213
CHA,2016,422442
JNU,2016,420442
AVL,2016,416939
BLI,2016,415285
ILM,2016,413185
FAR,2016,402976
MFR,2016,401469
FNT,2016,398508
MSO,2016,381582
EYW,2016,380505
PSC,2016,374301
MLI,2016,364393
BTR,2016,364200
FWA,2016,360369
MFE,2016,355224
TLH,2016,345404
DAB,2016,342495
JAC,2016,342044
AMA,2016,334815
SBN,2016,329957
SBA,2016,329751
CRP,2016,325815
ABE,2016,324511
GCN,2016,319206
PIA,2016,307189
RDM,2016,306517
ROA,2016,305212
GPT,2016,305157
CHO,2016,295930
GRB,2016,292868
MOB,2016,288209
TTN,2016,278436
BIS,2016,273980
RAP,2016,272537
AGS,2016,270797
ATW,2016,270633
SHV,2016,270395
BGR,2016,269013
HRL,2016,263760
BQN,2016,257871
ASE,2016,254392
GPI,2016,247816
AVP,2016,232855
FAY,2016,224541
TVC,2016,223924
MLB,2016,220360
GJT,2016,218319
CRW,2016,213412
BVU,2016,211615
LFT,2016,206667
GNV,2016,206330
TRI,2016,204926
EVV,2016,204352
PHF,2016,199421
STX,2016,196047
MRY,2016,192136
BMI,2016,188490
DRO,2016,187789
GTF,2016,176730
MGM,2016,173210
STS,2016,167151
EGE,2016,163840
LNK,2016,162876
SBP,2016,162719
LAN,2016,161863
GRK,2016,157161
BET,2016,155791
AZO,2016,154242
MOT,2016,150634
OAJ,2016,149987
IDA,2016,146213
LBE,2016,146127
SWF,2016,140328
ELM,2016,139583
UNV,2016,134312
GFK,2016,132557
AEX,2016,129776
PBG,2016,129622
1G4,2016,128739
KTN,2016,127881
ACK,2016,126197
IAG,2016,126028
DLH,2016,124284
MBS,2016,122469
BRO,2016,120151
CWA,2016,119222
MTJ,2016,116272
RST,2016,112864
IFP,2016,109334
HDN,2016,107339
EWN,2016,106110
PSE,2016,105804
HLN,2016,103239
LCK,2016,102751
MLU,2016,102342
RFD,2016,101790
LRD,2016,101115
BFL,2016,100433
HTS,2016,98489
LSE,2016,94047
SPI,2016,93269
SCK,2016,93076
CPR,2016,92805
MKK,2016,92560
TOL,2016,92522
ENA,2016,92485
JQF,2016,90338
CMI,2016,89318
ITH,2016,88692
ERI,2016,87647
ABI,2016,84809
FSM,2016,83920
SIT,2016,83404
BLV,2016,79988
ADQ,2016,79682
CLL,2016,78907
SGU,2016,78680
PVU,2016,78451
SUN,2016,77729
LYH,2016,75465
NYL,2016,74742
PSM,2016,73247
LWS,2016,72724
SAF,2016,71252
YKM,2016,70993
ACV,2016,69732
GRI,2016,68879
ISN,2016,68829
BGM,2016,68415
PPG,2016,65439
COU,2016,65014
FLG,2016,64578
OTZ,2016,64481
ACT,2016,64356
MHK,2016,63761
HND,2016,63445
VQS,2016,63104
PUW,2016,61833
OME,2016,60655
SJT,2016,60277
EAT,2016,60068
SBY,2016,58695
ORH,2016,57800
MVY,2016,54084
YNG,2016,53633
LCH,2016,53576
TYR,2016,52494
SCC,2016,51205
LAW,2016,51088
DHN,2016,49411
PGV,2016,47457
ALW,2016,47439
SAW,2016,45462
BRW,2016,45300
FLO,2016,45300
CSG,2016,44813
ROW,2016,44378
HOM,2016,44117
RDD,2016,43414
LNY,2016,43275
RVR,2016,43005
GTR,2016,40823
COD,2016,40340
VLD,2016,40275
SPS,2016,40165
SMX,2016,40120
TWF,2016,38869
TNI,2016,38452
DBQ,2016,37954
AKN,2016,36717
SUX,2016,36413
BQK,2016,36054
GUC,2016,34979
PIH,2016,34462
ABY,2016,34226
DLG,2016,33616
TXK,2016,33565
CPX,2016,31141
DUT,2016,31055
HYA,2016,31027
HXD,2016,30956
SGJ,2016,28462
GCC,2016,28383
JLN,2016,27930
HVN,2016,27911
HGR,2016,27274
ALO,2016,27069
GCK,2016,26825
ABR,2016,26529
BPT,2016,26518
MEI,2016,26359
CKB,2016,26025
BTM,2016,25890
BJI,2016,25510
PLN,2016,25497
CMX,2016,25439
SIG,2016,24054
OWB,2016,23537
LHD,2016,23382
GGG,2016,22480
PSG,2016,21896
MMH,2016,21826
EAU,2016,21304
CIU,2016,20974
RHI,2016,20414
PAH,2016,20266
IPT,2016,19320
GRO,2016,19178
MRI,2016,19144
CDV,2016,18649
BRD,2016,18328
MKG,2016,18165
BFI,2016,17795
PGA,2016,17435
ART,2016,17312
BID,2016,17225
WST,2016,17218
UNK,2016,16948
DIK,2016,16822
ESC,2016,16822
RKD,2016,16206
RKS,2016,16110
LAR,2016,15957
STC,2016,15615
OGD,2016,15609
EKO,2016,14893
OTH,2016,14719
HOB,2016,14707
CDC,2016,14413
INL,2016,13831
ANI,2016,13688
KSM,2016,12851
FHR,2016,12831
HIB,2016,12654
VDZ,2016,12631
IMT,2016,12604
WRG,2016,12569
PQI,2016,12526
PIB,2016,12367
GST,2016,11438
YAK,2016,10756
AKW,2016,10628
GAL,2016,10532
SWO,2016,10362
OGS,2016,10281
LEB,2016,10245
BHB,2016,10094
PVC,2016,10074
MWA,2016,10044
APN,2016,10031
MCE,2016,9426
HNS,2016,8936
HNH,2016,8809
SGY,2016,8714
CEC,2016,8667
WYS,2016,8525
DEC,2016,8453
HYS,2016,8265
PIR,2016,8246
DVL,2016,8209
TBN,2016,8108
ENM,2016,8072
SDY,2016,8065
JMS,2016,7941
MGW,2016,7851
UIN,2016,7847
CNY,2016,7837
ORS,2016,7826
MCW,2016,7734
TUP,2016,7539
CDB,2016,7403
MBA,2016,7293
FOD,2016,7271
CXF,2016,7203
BRL,2016,7086
EWB,2016,7022
AQH,2016,7012
FYU,2016,6552
LUP,2016,6119
FOE,2016,6051
ILI,2016,5835
IIK,2016,5747
VAK,2016,5654
HPB,2016,5635
CGI,2016,5532
SHD,2016,5442
SVC,2016,5442
MAZ,2016,5344
PHO,2016,5338
OOK,2016,5316
MSS,2016,5311
MSL,2016,5295
LBL,2016,5212
RUT,2016,5146
AUG,2016,5128
IWD,2016,5069
WLK,2016,5011
GLH,2016,4986
LWB,2016,4965
CVN,2016,4854
IRK,2016,4733
SLK,2016,4732
WTK,2016,4681
JBR,2016,4593
VRB,2016,4581
CEZ,2016,4564
FNL,2016,4559
SCM,2016,4513
CDR,2016,4474
CFK,2016,4456
MUE,2016,4445
BFF,2016,4262
LNS,2016,4230
RIW,2016,4228
BVK,2016,4198
SVA,2016,4197
JRF,2016,4195
JST,2016,4193
Z09,2016,4190
EAR,2016,4180
PKB,2016,4170
MOU,2016,4159
SDP,2016,4146
SOW,2016,4139
IPL,2016,4136
SOV,2016,4133
0AK,2016,4127
LBF,2016,4075
VEL,2016,4007
D76,2016,4004
DUY,2016,3978
SLN,2016,3967
AWI,2016,3932
A61,2016,3875
GGV,2016,3870
ALS,2016,3863
GAM,2016,3860
KWT,2016,3706
MKL,2016,3661
16A,2016,3628
2A9,2016,3531
TVF,2016,3524
AKP,2016,3522
PRC,2016,3451
SHH,2016,3445
OLF,2016,3439
KVL,2016,3421
EEK,2016,3406
GGW,2016,3251
MCG,2016,3236
KAE,2016,3227
MDM,2016,3194
CYS,2016,3189
KLG,2016,3142
BTI,2016,3136
IAN,2016,3127
CNM,2016,3057
Z13,2016,3045
TAL,2016,2952
EWU,2016,2936
DUJ,2016,2934
FAQ,2016,2887
AUK,2016,2854
SNP,2016,2838
LMT,2016,2827
HLA,2016,2728
4A2,2016,2706
NUL,2016,2694
2A3,2016,2649
GDV,2016,2639
TLT,2016,2634
BFD,2016,2623
PDT,2016,2582
CGA,2016,2581
WBB,2016,2571
ELD,2016,2544
MTM,2016,2527
ATL,2015,49340732
LAX,2015,36351272
ORD,2015,36305668
DFW,2015,31589839
JFK,2015,27782369
DEN,2015,26280043
SFO,2015,24190560
CLT,2015,21913166
LAS,2015,21857693
PHX,2015,21351504
MIA,2015,20986349
IAH,2015,20595881
SEA,2015,20148980
MCO,2015,18759938
EWR,2015,18684818
MSP,2015,17634273
BOS,2015,16290362
DTW,2015,16255520
PHL,2015,15101349
LGA,2015,14319924
FLL,2015,13061632
BWI,2015,11738845
DCA,2015,11242375
MDW,2015,10830850
SLC,2015,10634538
IAD,2015,10363974
SAN,2015,9985763
HNL,2015,9479094
TPA,2015,9150458
PDX,2015,8340252
DAL,2015,7040950
STL,2015,6239248
HOU,2015,5937990
AUS,2015,5797562
BNA,2015,5715205
OAK,2015,5506687
MSY,2015,5329711
MCI,2015,5135127
RDU,2015,4954735
SNA,2015,4945209
SJC,2015,4822480
SMF,2015,4714729
SJU,2015,4233638
RSW,2015,4159215
SAT,2015,4091434
CLE,2015,3916922
PIT,2015,3890681
IND,2015,3889567
CMH,2015,3312496
MKE,2015,3229897
OGG,2015,3220753
PBI,2015,3113591
CVG,2015,3054991
BDL,2015,2926054
JAX,2015,2716473
ANC,2015,2525893
BUF,2015,2336431
ABQ,2015,2323883
ONT,2015,2089801
OMA,2015,2046179
BUR,2015,1973897
MEM,2015,1873716
OKC,2015,1803188
PVD,2015,1763676
RIC,2015,1740391
CHS,2015,1669988
RNO,2015,1669876
SDF,2015,1640297
TUS,2015,1549253
GEG,2015,1515351
ORF,2015,1515200
LIH,2015,1491688
BOI,2015,1487777
KOA,2015,1485777
GUM,2015,1420500
ELP,2015,1381392
TUL,2015,1359582
BHM,2015,1325897
GRR,2015,1280803
ALB,2015,1276793
LGB,2015,1220937
SFB,2015,1209382
ROC,2015,1177994
DSM,2015,1156462
DAY,2015,1041759
MHT,2015,1026349
SYR,2015,987732
SAV,2015,980531
LIT,2015,958510
GSP,2015,955097
PSP,2015,947728
MYR,2015,899859
PWM,2015,858449
TYS,2015,848390
GSO,2015,848249
MSN,2015,826640
PIE,2015,819974
PNS,2015,787916
ICT,2015,773550
CAK,2015,759335
HPN,2015,757466
STT,2015,706098
FAT,2015,695008
IWA,2015,666187
XNA,2015,629905
ITO,2015,627171
SRQ,2015,607449
LEX,2015,606980
ISP,2015,603653
COS,2015,593246
ACY,2015,587967
MDT,2015,587049
BTV,2015,581143
CID,2015,557383
CAE,2015,533575
HSV,2015,519785
MAF,2015,518509
BZN,2015,512042
JAN,2015,497042
FSD,2015,493530
FAI,2015,493443
GSN,2015,455232
SGF,2015,447843
EUG,2015,447813
BLI,2015,447693
LBB,2015,443239
FAR,2015,437188
ECP,2015,428704
PGD,2015,421162
BIL,2015,420426
FNT,2015,411763
JNU,2015,403538
CHA,2015,393680
AVL,2015,393386
MFE,2015,391687
TTN,2015,389598
ILM,2015,388023
VPS,2015,373072
MFR,2015,370187
MLI,2015,368114
BTR,2015,366102
EYW,2015,362108
FWA,2015,353876
MSO,2015,350172
PSC,2015,348990
AMA,2015,341132
CRP,2015,338312
TLH,2015,332777
GCN,2015,332050
ABE,2015,320544
PIA,2015,318162
GPT,2015,317154
SBA,2015,316511
SBN,2015,315313
JAC,2015,313151
DAB,2015,306360
ROA,2015,300181
SHV,2015,295257
GRB,2015,295245
RDM,2015,280823
MOB,2015,278053
CHO,2015,274767
BGR,2015,273829
AGS,2015,271915
RAP,2015,264183
BIS,2015,262469
HRL,2015,259864
ATW,2015,258321
LFT,2015,243840
GPI,2015,237501
BVU,2015,234101
ASE,2015,233512
CRW,2015,225170
MLB,2015,220393
FAY,2015,220339
AVP,2015,219796
TRI,2015,216426
GJT,2015,214404
GNV,2015,213225
TVC,2015,210231
EVV,2015,203350
BQN,2015,202197
PHF,2015,202104
DRO,2015,186800
BMI,2015,186633
GTF,2015,182635
MOT,2015,181328
LBE,2015,181105
LAN,2015,180927
MRY,2015,180605
GRK,2015,176895
STX,2015,176588
MGM,2015,175619
LNK,2015,160525
AEX,2015,159252
BET,2015,158824
EGE,2015,156937
ACK,2015,155952
ELM,2015,155936
OAJ,2015,148960
IDA,2015,147923
1G4,2015,147137
GFK,2015,145785
SBP,2015,144324
BRO,2015,143353
SWF,2015,142603
UNV,2015,139124
PBG,2015,131600
DLH,2015,131128
STS,2015,129086
CWA,2015,126016
KTN,2015,124747
AZO,2015,122081
IAG,2015,121616
BFL,2015,120966
MBS,2015,119004
RST,2015,114657
MLU,2015,114170
LRD,2015,110368
EWN,2015,109237
IFP,2015,108888
RFD,2015,108379
CPR,2015,103123
MTJ,2015,102756
ISN,2015,102345
HTS,2015,101741
HLN,2015,99460
PSE,2015,98830
ENA,2015,97820
LSE,2015,94874
TOL,2015,94044
HDN,2015,93896
SPI,2015,90413
MKK,2015,90122
CLL,2015,89844
CMI,2015,89836
ERI,2015,88953
ITH,2015,87321
ABI,2015,86000
FSM,2015,84136
LCK,2015,83466
ADQ,2015,81970
SIT,2015,81019
SCK,2015,80163
NYL,2015,79233
BGM,2015,77654
SCC,2015,77152
LYH,2015,75824
SAF,2015,75460
JQF,2015,73727
TYR,2015,72294
VQS,2015,71356
SGU,2015,69680
LCH,2015,69130
SUN,2015,67955
FLG,2015,67419
LWS,2015,66579
OTZ,2015,66503
YNG,2015,66299
MHK,2015,66263
PPG,2015,65860
HYA,2015,65790
PVU,2015,65307
COU,2015,64707
GRI,2015,64602
SJT,2015,63842
YKM,2015,63747
ACT,2015,62882
EAT,2015,62319
SBY,2015,61782
OME,2015,59929
ORH,2015,59624
ACV,2015,55168
PGV,2015,55017
HND,2015,53551
FLO,2015,52611
LAW,2015,51859
CSG,2015,51790
PUW,2015,50883
MVY,2015,49853
BRW,2015,47676
TNI,2015,46977
DHN,2015,46792
PSM,2015,45933
SPS,2015,44262
SMX,2015,43941
RVR,2015,43506
SAW,2015,42578
DIK,2015,41925
ALW,2015,41272
HOM,2015,40770
LNY,2015,40599
VLD,2015,39544
GTR,2015,38632
HXD,2015,38322
DBQ,2015,38248
AKN,2015,35693
ROW,2015,35411
TXK,2015,34881
BQK,2015,34561
GUC,2015,34412
ABY,2015,33949
TWF,2015,33806
BPT,2015,33747
COD,2015,33278
CPX,2015,32907
BLV,2015,32589
DUT,2015,31753
HVN,2015,30955
RDD,2015,30852
GCC,2015,30502
JLN,2015,28306
ABR,2015,27595
BTM,2015,27448
GCK,2015,27152
ALO,2015,26950
DLG,2015,26949
SIG,2015,26203
SUX,2015,26104
CMX,2015,25732
HGR,2015,25356
PLN,2015,25197
BJI,2015,24765
PIH,2015,24745
MEI,2015,24685
CKB,2015,24087
MMH,2015,23504
CIU,2015,22687
SGJ,2015,22030
OWB,2015,21951
IPT,2015,21923
PAH,2015,21027
GGG,2015,20968
RHI,2015,20673
LHD,2015,20586
PSG,2015,20477
PGA,2015,19440
EAU,2015,19332
STC,2015,19171
BFI,2015,18945
ART,2015,18650
BRD,2015,18200
RKS,2015,17657
MKG,2015,17087
CDV,2015,16997
ESC,2015,16665
OGD,2015,16577
HOB,2015,16567
OTH,2015,16207
UNK,2015,15927
RKD,2015,15730
MRI,2015,15091
LAR,2015,14741
INL,2015,14706
CDC,2015,14334
VDZ,2015,14153
ANI,2015,13771
EKO,2015,13701
KSM,2015,13192
PIB,2015,12947
PQI,2015,12928
IMT,2015,12672
WRG,2015,12588
BID,2015,12415
HIB,2015,12394
GRO,2015,12116
WST,2015,11970
FHR,2015,11254
GST,2015,11189
PVC,2015,10841
GAL,2015,10703
MWA,2015,10570
APN,2015,10409
YAK,2015,10230
LEB,2015,10144
SDY,2015,10129
SLN,2015,10079
HNH,2015,10050
AKW,2015,9966
BHB,2015,9579
UIN,2015,9159
BRL,2015,9000
HNS,2015,8945
LUP,2015,8576
AQH,2015,8543
HYS,2015,8470
SGY,2015,8239
TBN,2015,8065
DEC,2015,8034
WYS,2015,7796
ENM,2015,7597
EWB,2015,7271
MGW,2015,7163
CDB,2015,7019
MCW,2015,6752
FYU,2015,6691
PIR,2015,6664
IIK,2015,6475
VAK,2015,6455
HPB,2015,6288
LWB,2015,6233
CGI,2015,6213
DVL,2015,6180
OOK,2015,6148
JMS,2015,6086
MAZ,2015,5900
ILI,2015,5865
SHD,2015,5536
LBL,2015,5456
RUT,2015,5379
WLK,2015,5376
JRF,2015,5347
FOD,2015,5228
ORS,2015,5204
IRK,2015,5167
BFF,2015,5144
OGS,2015,5120
AUG,2015,5120
SLK,2015,5047
CFK,2015,5018
PHO,2015,4974
FOE,2015,4939
MUE,2015,4930
CEC,2015,4915
SCM,2015,4902
JBR,2015,4836
CVN,2015,4799
IWD,2015,4697
MOU,2015,4692
LBF,2015,4628
EAR,2015,4543
2A9,2015,4484
MSS,2015,4462
D76,2015,4423
PKB,2015,4409
WTK,2015,4392
JST,2015,4338
DUY,2015,4298
PDT,2015,4277
SDP,2015,4146
Z09,2015,4109
BVK,2015,4063
A61,2015,4007
AWI,2015,3989
SVC,2015,3945
SOV,2015,3926
ELD,2015,3919
OLF,2015,3901
AUK,2015,3845
EEK,2015,3832
GGV,2015,3794
GGW,2015,3758
0AK,2015,3727
SVA,2015,3690
CYS,2015,3650
RIW,2015,3537
BFD,2015,3491
16A,2015,3449
FNL,2015,3445
KVL,2015,3433
KWT,2015,3429
PRC,2015,3428
EWU,2015,3406
AKP,2015,3402
SHH,2015,3366
GAM,2015,3309
KLG,2015,3292
Z13,2015,3279
IAN,2015,3276
DUJ,2015,3215
MDM,2015,3179
ALS,2015,3105
TAL,2015,2997
HLA,2015,2936
CXF,2015,2894
BTI,2015,2882
MTM,2015,2880
MCG,2015,2877
SNP,2015,2778
WBB,2015,2710
4A2,2015,2684
IPL,2015,2601
CGA,2015,2573
TLT,2015,2572
TUP,2015,2560
2A3,2015,2519
FAQ,2015,2436
GDV,2015,2311
CEZ,2015,2303
NUL,2015,2289
KAE,2015,2273
SOW,2015,2253
CNY,2015,2105
MCE,2015,2000
SWO,2015,1876
CNM,2015,1827
MKL,2015,1800
CDR,2015,1715
LNS,2015,1523
VEL,2015,1320
TVF,2015,1029
MSL,2015,802
GLH,2015,773
MBA,2015,566
VRB,2015,101
LMT,2015,93
ATL,2014,46604273
LAX,2014,34314197
ORD,2014,33843426
DFW,2014,30804567
JFK,2014,26244928
DEN,2014,26000591
SFO,2014,22770783
CLT,2014,21537725
LAS,2014,20620248
PHX,2014,20344867
IAH,2014,19772087
MIA,2014,19471466
SEA,2014,17888080
EWR,2014,17773405
MCO,2014,17278608
MSP,2014,16972678
DTW,2014,15775941
BOS,2014,15507561
PHL,2014,14792339
LGA,2014,13535372
FLL,2014,12031860
BWI,2014,11022200
IAD,2014,10415948
MDW,2014,10311996
SLC,2014,10139065
DCA,2014,10115546
HNL,2014,9463000
SAN,2014,9333152
TPA,2014,8531561
PDX,2014,7878760
STL,2014,6108758
HOU,2014,5800726
BNA,2014,5396958
AUS,2014,5219982
OAK,2014,5069257
MCI,2014,4982722
MSY,2014,4870569
RDU,2014,4673869
SJC,2014,4621003
SNA,2014,4584147
DAL,2014,4522341
SMF,2014,4384616
SJU,2014,4187888
SAT,2014,4046856
RSW,2014,3948006
PIT,2014,3827860
CLE,2014,3686315
IND,2014,3605908
MKE,2014,3228607
CMH,2014,3115501
OGG,2014,3019338
PBI,2014,2926242
BDL,2014,2913380
CVG,2014,2875844
JAX,2014,2589198
ANC,2014,2381826
BUF,2014,2378469
ABQ,2014,2354184
ONT,2014,2037346
OMA,2014,2020354
BUR,2014,1928491
OKC,2014,1861272
MEM,2014,1800268
PVD,2014,1764828
RIC,2014,1671096
SDF,2014,1634983
RNO,2014,1611572
TUS,2014,1597247
CHS,2014,1539326
ORF,2014,1488114
GEG,2014,1445572
GUM,2014,1436726
KOA,2014,1403559
ELP,2014,1395363
BOI,2014,1378352
TUL,2014,1371613
LGB,2014,1368923
LIH,2014,1340014
BHM,2014,1299214
ALB,2014,1210825
GRR,2014,1174821
ROC,2014,1173933
DSM,2014,1141172
DAY,2014,1120842
SFB,2014,1064133
MHT,2014,1032964
LIT,2014,1005251
SYR,2014,987169
PSP,2014,953607
GSP,2014,945477
SAV,2014,932416
MYR,2014,858288
GSO,2014,851157
TYS,2014,845913
PWM,2014,837820
MSN,2014,833634
CAK,2014,771155
PNS,2014,758612
ICT,2014,757695
HPN,2014,756189
FAT,2014,710353
STT,2014,687172
IWA,2014,669807
PIE,2014,663810
ISP,2014,646171
MDT,2014,644048
ITO,2014,626950
COS,2014,624317
XNA,2014,619157
BTV,2014,602932
SRQ,2014,598219
LEX,2014,595083
ACY,2014,594346
CID,2014,570571
MAF,2014,547355
BLI,2014,543346
JAN,2014,537821
HSV,2014,523248
CAE,2014,498151
GSN,2014,495150
FSD,2014,490448
BZN,2014,482683
FAI,2014,459769
FAR,2014,456372
LBB,2014,451238
EUG,2014,440198
FNT,2014,421129
BIL,2014,420113
SGF,2014,420017
ECP,2014,394570
MFE,2014,385631
EYW,2014,383776
AVL,2014,382586
BTR,2014,380153
ILM,2014,378203
TTN,2014,377961
JNU,2014,375828
MLI,2014,372526
AMA,2014,362412
VPS,2014,360542
CHA,2014,356077
CRP,2014,347977
GCN,2014,340808
TLH,2014,339078
PGD,2014,336905
SBA,2014,335049
MSO,2014,334948
PSC,2014,329087
GPT,2014,325437
MFR,2014,323563
FWA,2014,323252
PIA,2014,320054
BGR,2014,317200
SBN,2014,311158
JAC,2014,308509
SHV,2014,307540
DAB,2014,306542
ROA,2014,305496
GRB,2014,302568
ABE,2014,298306
HRL,2014,293306
MOB,2014,288376
RAP,2014,266623
AGS,2014,263478
PHF,2014,259082
RDM,2014,255654
CHO,2014,250666
ATW,2014,249656
BIS,2014,248316
LFT,2014,247857
CRW,2014,241566
FAY,2014,230436
GPI,2014,224820
MOT,2014,219957
ASE,2014,217648
TRI,2014,215259
AVP,2014,214805
MLB,2014,214704
GJT,2014,214313
BQN,2014,212239
BVU,2014,211648
GNV,2014,206820
BMI,2014,204523
LAN,2014,202118
TVC,2014,196451
DRO,2014,193764
GTF,2014,190361
GRK,2014,189529
MRY,2014,186935
STX,2014,185899
BRO,2014,183604
AEX,2014,175526
EVV,2014,171212
ACK,2014,170361
MGM,2014,169764
IDA,2014,166864
EGE,2014,165004
ELM,2014,159136
SWF,2014,158556
OAJ,2014,157012
BET,2014,155936
DLH,2014,153583
SBP,2014,151394
GFK,2014,146003
UNV,2014,142551
LNK,2014,142205
BFL,2014,140007
PBG,2014,139676
AZO,2014,134832
1G4,2014,128515
LBE,2014,128415
CWA,2014,125395
MBS,2014,122918
MLU,2014,120589
RST,2014,119874
EWN,2014,118749
STS,2014,117046
LRD,2014,116565
KTN,2014,115948
ISN,2014,114281
RFD,2014,111983
IAG,2014,111212
ILG,2014,104488
CPR,2014,103397
ENA,2014,100448
IFP,2014,99443
TOL,2014,98941
LSE,2014,98869
PSE,2014,97271
ERI,2014,97063
HLN,2014,96869
HTS,2014,96367
CMI,2014,95351
ABI,2014,93656
HDN,2014,92245
CLL,2014,91127
NYL,2014,90732
MTJ,2014,90630
FSM,2014,90214
ITH,2014,89501
TYR,2014,86625
SPI,2014,86198
HYA,2014,85184
BGM,2014,82625
SCK,2014,82298
ADQ,2014,79966
MKK,2014,79597
LYH,2014,78876
SAF,2014,74749
SIT,2014,72027
VQS,2014,71757
LCH,2014,69334
FLG,2014,68123
ACT,2014,66631
YNG,2014,65983
SJT,2014,65973
SUN,2014,65801
MHK,2014,65649
OTZ,2014,63128
SBY,2014,62712
LWS,2014,62479
PVU,2014,62011
GRI,2014,61400
PGV,2014,60547
SGU,2014,59321
FLO,2014,59314
DIK,2014,58987
OME,2014,58610
ORH,2014,57818
YKM,2014,57076
BRW,2014,56995
EAT,2014,56589
SCC,2014,56001
COU,2014,55556
PPG,2014,55156
HXD,2014,54712
LAW,2014,54147
MVY,2014,52362
LNY,2014,51918
ACV,2014,51688
CSG,2014,50883
DHN,2014,50309
CRQ,2014,50056
LCK,2014,49486
SPS,2014,46906
SMX,2014,46454
PSM,2014,45708
RVR,2014,42873
PUW,2014,42294
SAW,2014,41681
DLG,2014,39414
HOM,2014,38862
GTR,2014,38664
BPT,2014,38213
TNI,2014,37519
TXK,2014,37229
ALW,2014,36373
DBQ,2014,35983
VLD,2014,35636
ROW,2014,35356
AKN,2014,35012
HVN,2014,33625
BQK,2014,32579
COD,2014,32317
GUC,2014,31743
SUX,2014,31675
ABY,2014,31260
STC,2014,30939
CPX,2014,30788
JQF,2014,30286
BTM,2014,29738
DUT,2014,29370
TWF,2014,28678
PLN,2014,28168
GCC,2014,27173
VGT,2014,26955
ABR,2014,26497
GCK,2014,26428
JLN,2014,26380
MMH,2014,25916
SIG,2014,25344
PIH,2014,24956
IPT,2014,24686
ALO,2014,23994
CMX,2014,23843
VCV,2014,23603
BJI,2014,23439
RDD,2014,23170
MRI,2014,22210
OWB,2014,22202
CKB,2014,22037
GGG,2014,21867
FOE,2014,21730
PGA,2014,21616
CIU,2014,21385
PAH,2014,20858
RHI,2014,20819
EAU,2014,20757
BFI,2014,20418
RKS,2014,20243
SGJ,2014,19701
ART,2014,19307
PSG,2014,19065
OGD,2014,18843
HOB,2014,18239
EKO,2014,18200
ESC,2014,17946
BRD,2014,17160
CIC,2014,17141
BLV,2014,16328
INL,2014,16328
MKG,2014,15847
HGR,2014,15189
OTH,2014,15080
VDZ,2014,14658
CDV,2014,14479
CDC,2014,14362
RKD,2014,14300
CEC,2014,13701
LHD,2014,13545
LUK,2014,13459
LAR,2014,13362
UNK,2014,13099
BID,2014,12967
ANI,2014,12955
APN,2014,12809
FRG,2014,12559
IMT,2014,12504
KSM,2014,12473
WST,2014,12354
GAL,2014,12349
PQI,2014,12330
SDY,2014,11878
WRG,2014,11828
FHR,2014,11798
HIB,2014,11617
MWA,2014,11096
GRO,2014,10821
MGW,2014,10676
YAK,2014,10619
LEB,2014,10599
PVC,2014,10410
UIN,2014,10241
HNH,2014,9849
PIR,2014,9504
GST,2014,9484
ENM,2014,9447
MBA,2014,9437
SHD,2014,9422
CNY,2014,9259
BHB,2014,8625
SHR,2014,8613
LWB,2014,8604
EAR,2014,8384
HNS,2014,8368
TBN,2014,8281
CDB,2014,8172
EWB,2014,8159
MMU,2014,7936
AKW,2014,7780
AQH,2014,7759
LBL,2014,7734
RIW,2014,7660
SGY,2014,7296
FYU,2014,7148
PUB,2014,6785
DEC,2014,6746
BRL,2014,6692
PIB,2014,6640
MEI,2014,6624
CGI,2014,6544
IIK,2014,6451
MAZ,2014,6165
ILI,2014,6092
CXF,2014,5962
ORS,2014,5950
CYS,2014,5794
VAK,2014,5690
FMN,2014,5678
WYS,2014,5637
IRK,2014,5633
CVX,2014,5626
HYS,2014,5621
BFF,2014,5594
TUP,2014,5553
OGS,2014,5507
PKB,2014,5486
HPB,2014,5460
RUT,2014,5407
AUG,2014,5387
MUE,2014,5287
SLK,2014,5141
LUP,2014,5128
OOK,2014,5088
JBR,2014,5056
AUK,2014,5042
LBF,2014,5016
WLK,2014,4898
JST,2014,4856
LMT,2014,4800
2A9,2014,4782
MOU,2014,4760
Z09,2014,4719
CFK,2014,4590
MSS,2014,4553
PHO,2014,4518
SCM,2014,4508
KWT,2014,4485
HRO,2014,4379
VEL,2014,4352
W33,2014,4336
MOD,2014,4323
WTK,2014,4296
SJX,2014,4249
CLM,2014,4233
SDP,2014,4135
DUJ,2014,4081
MTM,2014,4057
PDT,2014,4015
OLF,2014,4013
BVK,2014,4009
GGV,2014,4002
D76,2014,3946
ALS,2014,3920
DUY,2014,3904
GGW,2014,3886
PRC,2014,3862
A61,2014,3861
EEK,2014,3857
CEZ,2014,3835
LAM,2014,3801
AKP,2014,3796
Z13,2014,3771
AWI,2014,3731
ELD,2014,3718
TEX,2014,3590
ISO,2014,3527
0AK,2014,3508
16A,2014,3484
SOV,2014,3459
GAM,2014,3420
IAN,2014,3388
SVA,2014,3352
HLA,2014,3269
JHW,2014,3222
JMS,2014,3207
KVL,2014,3171
DDC,2014,3101
AOO,2014,3090
MDM,2014,3074
KLG,2014,3060
BKW,2014,3053
DVL,2014,3050
TAL,2014,3027
TLT,2014,2994
PTK,2014,2984
MCG,2014,2968
4A2,2014,2959
BTI,2014,2925
6R7,2014,2913
CGA,2014,2869
EWU,2014,2841
LNS,2014,2767
KTB,2014,2744
SNP,2014,2727
SHH,2014,2703
RSH,2014,2596
2A3,2014,2595
IWD,2014,2540
GDV,2014,2519
ATL,2013,45308407
LAX,2013,32425892
ORD,2013,32317835
DFW,2013,29038128
DEN,2013,25496885
JFK,2013,25036358
SFO,2013,21704626
CLT,2013,21346601
LAS,2013,19946179
PHX,2013,19525109
MIA,2013,19420089
IAH,2013,18952840
EWR,2013,17546506
MCO,2013,16884524
SEA,2013,16690295
MSP,2013,16280835
DTW,2013,15683523
BOS,2013,14810153
PHL,2013,14727945
LGA,2013,13372269
FLL,2013,11538140
BWI,2013,11132731
IAD,2013,10570993
MDW,2013,9915646
DCA,2013,9838034
SLC,2013,9668048
HNL,2013,9466995
SAN,2013,8878772
TPA,2013,8267752
PDX,2013,7452603
STL,2013,6216104
HOU,2013,5377050
BNA,2013,5050989
AUS,2013,4900959
MCI,2013,4836221
OAK,2013,4770716
MSY,2013,4576539
SNA,2013,4540628
RDU,2013,4482016
CLE,2013,4375448
SJC,2013,4315839
SMF,2013,4255145
SJU,2013,4103197
DAL,2013,4023779
SAT,2013,4005874
PIT,2013,3812460
RSW,2013,3788870
IND,2013,3535015
MKE,2013,3214811
CMH,2013,3063822
OGG,2013,2955304
PBI,2013,2844507
CVG,2013,2776377
BDL,2013,2681181
BUF,2013,2567594
JAX,2013,2549070
ABQ,2013,2477783
ANC,2013,2325030
MEM,2013,2301003
OMA,2013,1975339
ONT,2013,1970538
BUR,2013,1918011
PVD,2013,1884830
OKC,2013,1788400
RNO,2013,1671926
SDF,2013,1668667
RIC,2013,1597913
TUS,2013,1569932
GUM,2013,1562165
ORF,2013,1560754
CHS,2013,1441415
LGB,2013,1438756
GEG,2013,1417731
KOA,2013,1376641
ELP,2013,1363102
BHM,2013,1334177
TUL,2013,1323377
LIH,2013,1315141
BOI,2013,1313741
DAY,2013,1244841
ROC,2013,1209245
ALB,2013,1196532
MHT,2013,1190082
GRR,2013,1123257
DSM,2013,1078496
LIT,2013,1055293
SYR,2013,991551
SFB,2013,971522
GSP,2013,917088
PSP,2013,875699
GSO,2013,853532
CAK,2013,851809
PWM,2013,836942
TYS,2013,832588
MSN,2013,825702
MYR,2013,823294
SAV,2013,798376
HPN,2013,764002
PNS,2013,744259
ICT,2013,736090
IWA,2013,725048
FAT,2013,684849
ISP,2013,662612
COS,2013,657962
MDT,2013,657650
STT,2013,645401
ITO,2013,640411
BTV,2013,606503
BLI,2013,596142
JAN,2013,595951
SRQ,2013,594970
XNA,2013,558141
ACY,2013,553695
LEX,2013,539238
CID,2013,520360
PIE,2013,514358
MAF,2013,506726
HSV,2013,505541
CAE,2013,487180
FSD,2013,481716
FAI,2013,457372
LBB,2013,454408
GSN,2013,448177
BZN,2013,442075
EUG,2013,434095
FAR,2013,403919
EYW,2013,402842
BTR,2013,400712
FNT,2013,398132
ILM,2013,397274
ECP,2013,391763
BIL,2013,387773
MLI,2013,384198
AMA,2013,370508
GPT,2013,369597
SGF,2013,368752
SBA,2013,364360
JNU,2013,359291
VPS,2013,353953
HRL,2013,347829
AVL,2013,342400
TLH,2013,336129
MFE,2013,335483
SBN,2013,328992
GCN,2013,327814
PSC,2013,327419
CRP,2013,317667
BGR,2013,315139
CHA,2013,312873
ROA,2013,310295
MFR,2013,306450
ABE,2013,301969
MSO,2013,298253
FWA,2013,294968
JAC,2013,294752
DAB,2013,293843
GRB,2013,293703
PIA,2013,291147
MOB,2013,287661
SHV,2013,279897
PHF,2013,263964
AGS,2013,260523
RAP,2013,256052
CRW,2013,250509
ATW,2013,246211
FAY,2013,244345
BIS,2013,238929
RDM,2013,236303
LFT,2013,233498
CHO,2013,230699
MOT,2013,220797
LAN,2013,216925
AVP,2013,216536
BMI,2013,211957
MLB,2013,211702
GJT,2013,211091
ASE,2013,206686
MRY,2013,205069
TRI,2013,204402
BVU,2013,204212
BQN,2013,201453
GPI,2013,199707
GNV,2013,198388
GRK,2013,195899
DRO,2013,192797
TVC,2013,189644
AEX,2013,183899
ACK,2013,183557
STX,2013,182752
GTF,2013,182390
PGD,2013,171121
OAJ,2013,168828
EGE,2013,167166
SWF,2013,163815
EVV,2013,161279
MGM,2013,157958
DLH,2013,155496
BET,2013,152084
PBG,2013,151235
GFK,2013,148665
TTN,2013,147826
IDA,2013,147073
BFL,2013,143175
1G4,2013,140886
LNK,2013,138787
SBP,2013,135844
UNV,2013,131753
ELM,2013,129749
AZO,2013,129211
LBE,2013,127040
CWA,2013,123797
EWN,2013,121479
MBS,2013,120689
MLU,2013,115757
STS,2013,112779
RST,2013,109870
LRD,2013,109773
IFP,2013,109647
ERI,2013,109520
KTN,2013,109433
RFD,2013,109384
ITH,2013,103501
BRO,2013,100793
ENA,2013,99821
IAG,2013,98958
HTS,2013,98752
CPR,2013,98625
HLN,2013,97310
ISN,2013,96090
BGM,2013,95210
PSE,2013,93566
HDN,2013,91823
LSE,2013,90297
HYA,2013,87648
CLL,2013,87409
TOL,2013,86221
TYR,2013,85789
CMI,2013,84853
MTJ,2013,84579
ABI,2013,82758
FSM,2013,82742
ADQ,2013,79930
NYL,2013,78395
LYH,2013,77795
SCK,2013,71757
SPI,2013,70651
SIT,2013,67989
MHK,2013,65683
LCH,2013,65281
SAF,2013,65118
MKK,2013,63879
SBY,2013,62670
ACT,2013,62634
SJT,2013,62296
LWS,2013,62209
OTZ,2013,61274
PGV,2013,60020
FLO,2013,59894
CSG,2013,59675
HXD,2013,58348
FLG,2013,58323
OME,2013,58020
GRI,2013,57165
ACV,2013,56682
MVY,2013,56313
LAW,2013,55526
SGU,2013,54574
YKM,2013,54308
ILG,2013,52159
EAT,2013,52051
CRQ,2013,51978
BRW,2013,51568
SUN,2013,51496
SMX,2013,51395
PPG,2013,49479
SCC,2013,48588
DHN,2013,48423
VQS,2013,47737
YNG,2013,47518
LNY,2013,47323
COU,2013,45714
SPS,2013,45298
SAW,2013,42335
GTR,2013,41140
PUW,2013,40759
VGT,2013,40111
HOM,2013,37705
HVN,2013,37434
VLD,2013,36814
BPT,2013,35790
AKN,2013,35450
DIK,2013,34980
DBQ,2013,33465
ALW,2013,33072
TXK,2013,32882
ROW,2013,32616
BQK,2013,32450
ABY,2013,31276
COD,2013,31140
MMH,2013,30970
GUC,2013,30780
PVU,2013,30090
BTM,2013,29490
GCC,2013,29130
TNI,2013,28909
TWF,2013,28601
DUT,2013,28556
PLN,2013,27281
PGA,2013,26998
DLG,2013,26632
ABR,2013,25567
SUX,2013,25313
CMX,2013,25312
RDD,2013,24875
GCK,2013,24456
RKS,2013,24279
LHD,2013,24026
PIH,2013,23775
IPT,2013,23371
JLN,2013,23329
BJI,2013,22819
PSM,2013,22540
CIU,2013,21827
OWB,2013,21751
EAU,2013,21677
ALO,2013,20984
GGG,2013,20870
PAH,2013,20523
PSG,2013,20046
SHD,2013,19730
EKO,2013,19510
RHI,2013,18819
ART,2013,18818
MKG,2013,18020
LCK,2013,17765
RVR,2013,17733
HOB,2013,17246
CVX,2013,16929
OTH,2013,16864
CIC,2013,16835
APN,2013,15914
STC,2013,15842
INL,2013,15796
CDV,2013,15772
RKD,2013,15724
BRD,2013,15654
OGD,2013,15523
ESC,2013,15110
PIR,2013,14507
ANI,2013,14334
FMN,2013,14263
GAL,2013,14141
SHR,2013,14126
UNK,2013,14011
KSM,2013,13949
LUK,2013,13914
LAR,2013,13733
BLV,2013,13542
LMT,2013,13443
MRI,2013,13440
RIW,2013,13436
VDZ,2013,13318
CDC,2013,13214
SIG,2013,13123
EAR,2013,13096
BFI,2013,13008
HGR,2013,12941
CYS,2013,12345
JQF,2013,12183
CEC,2013,12136
MBA,2013,11903
WRG,2013,11807
HIB,2013,11669
PQI,2013,11488
MMU,2013,11355
MOD,2013,11310
PVC,2013,11288
IMT,2013,11271
MWA,2013,11241
LBL,2013,11101
BID,2013,10865
CKB,2013,10831
FHR,2013,10688
UIN,2013,10679
PIB,2013,10633
LEB,2013,10614
EWB,2013,10604
HNH,2013,10468
LBF,2013,10421
SDY,2013,10378
BHB,2013,10292
BFF,2013,10172
WST,2013,10136
YAK,2013,10135
HNS,2013,10106
GRO,2013,10092
GST,2013,10076
MGW,2013,10036
FOE,2013,9339
HYS,2013,8726
CDB,2013,8665
LWB,2013,8455
TBN,2013,8325
PKB,2013,8323
ENM,2013,8268
CEZ,2013,8218
VEL,2013,8203
SGY,2013,8050
ORH,2013,8007
FYU,2013,7441
VCV,2013,7229
AQH,2013,7134
CNY,2013,7048
ALS,2013,6983
DEC,2013,6827
PUB,2013,6742
CGI,2013,6477
TEX,2013,6470
BRL,2013,6439
TUP,2013,6376
MEI,2013,6236
JST,2013,6186
IIK,2013,6114
IRK,2013,5917
AUG,2013,5798
DDC,2013,5789
SLK,2013,5759
CPX,2013,5703
ILI,2013,5688
MAZ,2013,5673
OGS,2013,5392
SJX,2013,5368
WYS,2013,5354
RUT,2013,5321
PRC,2013,5223
OOK,2013,5206
VAK,2013,5203
HRO,2013,5123
DUJ,2013,5099
Z09,2013,5089
JBR,2013,4864
FRG,2013,4791
MSS,2013,4788
HPB,2013,4783
PHO,2013,4735
MOU,2013,4571
CFK,2013,4414
WLK,2013,4336
MTM,2013,4243
D76,2013,4188
SCM,2013,4178
PDT,2013,4105
ELD,2013,4091
WTK,2013,4088
CXF,2013,4067
SDP,2013,3976
AWI,2013,3959
EEK,2013,3913
DUY,2013,3904
KWT,2013,3871
BKW,2013,3824
SOV,2013,3774
ISO,2013,3741
AOO,2013,3701
A61,2013,3665
MCG,2013,3658
16A,2013,3652
AKP,2013,3637
2A9,2013,3622
GGV,2013,3602
IAN,2013,3463
CGA,2013,3387
JHW,2013,3315
GAM,2013,3312
LUP,2013,3205
AUK,2013,3152
BVK,2013,3138
KLG,2013,3127
0AK,2013,3123
SVA,2013,3099
HLA,2013,3012
KVL,2013,2975
Z13,2013,2928
6R7,2013,2870
TAL,2013,2811
MDM,2013,2786
PTK,2013,2762
EWU,2013,2744
KTB,2013,2681
DVL,2013,2679
SNP,2013,2676
TLT,2013,2641
OLF,2013,2630
IWD,2013,2515
4A2,2013,2500
LNS,2013,2495
SHH,2013,2490
JMS,2013,2449
BTI,2013,2382
2A3,2013,2336
LAM,2013,2295
RSH,2013,2272
GGW,2013,2097
CLM,2013,2085
AKW,2013,1550
MUE,2013,857
ORS,2013,802
GDV,2013,703
SGJ,2013,376
W33,2013,0
