Date_ID,Full_Date,Year,Month,Day,Quarter,Weekday_Name
1,01JAN2013,2013,1,1,1,Tuesday
2,02JAN2013,2013,1,2,1,Wednesday
3,03JAN2013,2013,1,3,1,Thursday
4,04JAN2013,2013,1,4,1,Friday
5,05JAN2013,2013,1,5,1,Saturday
6,06JAN2013,2013,1,6,1,Sunday
7,07JAN2013,2013,1,7,1,Monday
8,08JAN2013,2013,1,8,1,Tuesday
9,09JAN2013,2013,1,9,1,Wednesday
10,10JAN2013,2013,1,10,1,Thursday
11,11JAN2013,2013,1,11,1,Friday
12,12JAN2013,2013,1,12,1,Saturday
13,13JAN2013,2013,1,13,1,Sunday
14,14JAN2013,2013,1,14,1,Monday
15,15JAN2013,2013,1,15,1,Tuesday
16,16JAN2013,2013,1,16,1,Wednesday
17,17JAN2013,2013,1,17,1,Thursday
18,18JAN2013,2013,1,18,1,Friday
19,19JAN2013,2013,1,19,1,Saturday
20,20JAN2013,2013,1,20,1,Sunday
21,21JAN2013,2013,1,21,1,Monday
22,22JAN2013,2013,1,22,1,Tuesday
23,23JAN2013,2013,1,23,1,Wednesday
24,24JAN2013,2013,1,24,1,Thursday
25,25JAN2013,2013,1,25,1,Friday
26,26JAN2013,2013,1,26,1,Saturday
27,27JAN2013,2013,1,27,1,Sunday
28,28JAN2013,2013,1,28,1,Monday
29,29JAN2013,2013,1,29,1,Tuesday
30,30JAN2013,2013,1,30,1,Wednesday
31,31JAN2013,2013,1,31,1,Thursday
32,01FEB2013,2013,2,1,1,Friday
33,02FEB2013,2013,2,2,1,Saturday
34,03FEB2013,2013,2,3,1,Sunday
35,04FEB2013,2013,2,4,1,Monday
36,05FEB2013,2013,2,5,1,Tuesday
37,06FEB2013,2013,2,6,1,Wednesday
38,07FEB2013,2013,2,7,1,Thursday
39,08FEB2013,2013,2,8,1,Friday
40,09FEB2013,2013,2,9,1,Saturday
41,10FEB2013,2013,2,10,1,Sunday
42,11FEB2013,2013,2,11,1,Monday
43,12FEB2013,2013,2,12,1,Tuesday
44,13FEB2013,2013,2,13,1,Wednesday
45,14FEB2013,2013,2,14,1,Thursday
46,15FEB2013,2013,2,15,1,Friday
47,16FEB2013,2013,2,16,1,Saturday
48,17FEB2013,2013,2,17,1,Sunday
49,18FEB2013,2013,2,18,1,Monday
50,19FEB2013,2013,2,19,1,Tuesday
51,20FEB2013,2013,2,20,1,Wednesday
52,21FEB2013,2013,2,21,1,Thursday
53,22FEB2013,2013,2,22,1,Friday
54,23FEB2013,2013,2,23,1,Saturday
55,24FEB2013,2013,2,24,1,Sunday
56,25FEB2013,2013,2,25,1,Monday
57,26FEB2013,2013,2,26,1,Tuesday
58,27FEB2013,2013,2,27,1,Wednesday
59,28FEB2013,2013,2,28,1,Thursday
60,01MAR2013,2013,3,1,1,Friday
61,02MAR2013,2013,3,2,1,Saturday
62,03MAR2013,2013,3,3,1,Sunday
63,04MAR2013,2013,3,4,1,Monday
64,05MAR2013,2013,3,5,1,Tuesday
65,06MAR2013,2013,3,6,1,Wednesday
66,07MAR2013,2013,3,7,1,Thursday
67,08MAR2013,2013,3,8,1,Friday
68,09MAR2013,2013,3,9,1,Saturday
69,10MAR2013,2013,3,10,1,Sunday
70,11MAR2013,2013,3,11,1,Monday
71,12MAR2013,2013,3,12,1,Tuesday
72,13MAR2013,2013,3,13,1,Wednesday
73,14MAR2013,2013,3,14,1,Thursday
74,15MAR2013,2013,3,15,1,Friday
75,16MAR2013,2013,3,16,1,Saturday
76,17MAR2013,2013,3,17,1,Sunday
77,18MAR2013,2013,3,18,1,Monday
78,19MAR2013,2013,3,19,1,Tuesday
79,20MAR2013,2013,3,20,1,Wednesday
80,21MAR2013,2013,3,21,1,Thursday
81,22MAR2013,2013,3,22,1,Friday
82,23MAR2013,2013,3,23,1,Saturday
83,24MAR2013,2013,3,24,1,Sunday
84,25MAR2013,2013,3,25,1,Monday
85,26MAR2013,2013,3,26,1,Tuesday
86,27MAR2013,2013,3,27,1,Wednesday
87,28MAR2013,2013,3,28,1,Thursday
88,29MAR2013,2013,3,29,1,Friday
89,30MAR2013,2013,3,30,1,Saturday
90,31MAR2013,2013,3,31,1,Sunday
91,01APR2013,2013,4,1,2,Monday
92,02APR2013,2013,4,2,2,Tuesday
93,03APR2013,2013,4,3,2,Wednesday
94,04APR2013,2013,4,4,2,Thursday
95,05APR2013,2013,4,5,2,Friday
96,06APR2013,2013,4,6,2,Saturday
97,07APR2013,2013,4,7,2,Sunday
98,08APR2013,2013,4,8,2,Monday
99,09APR2013,2013,4,9,2,Tuesday
100,10APR2013,2013,4,10,2,Wednesday
101,11APR2013,2013,4,11,2,Thursday
102,12APR2013,2013,4,12,2,Friday
103,13APR2013,2013,4,13,2,Saturday
104,14APR2013,2013,4,14,2,Sunday
105,15APR2013,2013,4,15,2,Monday
106,16APR2013,2013,4,16,2,Tuesday
107,17APR2013,2013,4,17,2,Wednesday
108,18APR2013,2013,4,18,2,Thursday
109,19APR2013,2013,4,19,2,Friday
110,20APR2013,2013,4,20,2,Saturday
111,21APR2013,2013,4,21,2,Sunday
112,22APR2013,2013,4,22,2,Monday
113,23APR2013,2013,4,23,2,Tuesday
114,24APR2013,2013,4,24,2,Wednesday
115,25APR2013,2013,4,25,2,Thursday
116,26APR2013,2013,4,26,2,Friday
117,27APR2013,2013,4,27,2,Saturday
118,28APR2013,2013,4,28,2,Sunday
119,29APR2013,2013,4,29,2,Monday
120,30APR2013,2013,4,30,2,Tuesday
121,01MAY2013,2013,5,1,2,Wednesday
122,02MAY2013,2013,5,2,2,Thursday
123,03MAY2013,2013,5,3,2,Friday
124,04MAY2013,2013,5,4,2,Saturday
125,05MAY2013,2013,5,5,2,Sunday
126,06MAY2013,2013,5,6,2,Monday
127,07MAY2013,2013,5,7,2,Tuesday
128,08MAY2013,2013,5,8,2,Wednesday
129,09MAY2013,2013,5,9,2,Thursday
130,10MAY2013,2013,5,10,2,Friday
131,11MAY2013,2013,5,11,2,Saturday
132,12MAY2013,2013,5,12,2,Sunday
133,13MAY2013,2013,5,13,2,Monday
134,14MAY2013,2013,5,14,2,Tuesday
135,15MAY2013,2013,5,15,2,Wednesday
136,16MAY2013,2013,5,16,2,Thursday
137,17MAY2013,2013,5,17,2,Friday
138,18MAY2013,2013,5,18,2,Saturday
139,19MAY2013,2013,5,19,2,Sunday
140,20MAY2013,2013,5,20,2,Monday
141,21MAY2013,2013,5,21,2,Tuesday
142,22MAY2013,2013,5,22,2,Wednesday
143,23MAY2013,2013,5,23,2,Thursday
144,24MAY2013,2013,5,24,2,Friday
145,25MAY2013,2013,5,25,2,Saturday
146,26MAY2013,2013,5,26,2,Sunday
147,27MAY2013,2013,5,27,2,Monday
148,28MAY2013,2013,5,28,2,Tuesday
149,29MAY2013,2013,5,29,2,Wednesday
150,30MAY2013,2013,5,30,2,Thursday
151,31MAY2013,2013,5,31,2,Friday
152,01JUN2013,2013,6,1,2,Saturday
153,02JUN2013,2013,6,2,2,Sunday
154,03JUN2013,2013,6,3,2,Monday
155,04JUN2013,2013,6,4,2,Tuesday
156,05JUN2013,2013,6,5,2,Wednesday
157,06JUN2013,2013,6,6,2,Thursday
158,07JUN2013,2013,6,7,2,Friday
159,08JUN2013,2013,6,8,2,Saturday
160,09JUN2013,2013,6,9,2,Sunday
161,10JUN2013,2013,6,10,2,Monday
162,11JUN2013,2013,6,11,2,Tuesday
163,12JUN2013,2013,6,12,2,Wednesday
164,13JUN2013,2013,6,13,2,Thursday
165,14JUN2013,2013,6,14,2,Friday
166,15JUN2013,2013,6,15,2,Saturday
167,16JUN2013,2013,6,16,2,Sunday
168,17JUN2013,2013,6,17,2,Monday
169,18JUN2013,2013,6,18,2,Tuesday
170,19JUN2013,2013,6,19,2,Wednesday
171,20JUN2013,2013,6,20,2,Thursday
172,21JUN2013,2013,6,21,2,Friday
173,22JUN2013,2013,6,22,2,Saturday
174,23JUN2013,2013,6,23,2,Sunday
175,24JUN2013,2013,6,24,2,Monday
176,25JUN2013,2013,6,25,2,Tuesday
177,26JUN2013,2013,6,26,2,Wednesday
178,27JUN2013,2013,6,27,2,Thursday
179,28JUN2013,2013,6,28,2,Friday
180,29JUN2013,2013,6,29,2,Saturday
181,30JUN2013,2013,6,30,2,Sunday
182,01JUL2013,2013,7,1,3,Monday
183,02JUL2013,2013,7,2,3,Tuesday
184,03JUL2013,2013,7,3,3,Wednesday
185,04JUL2013,2013,7,4,3,Thursday
186,05JUL2013,2013,7,5,3,Friday
187,06JUL2013,2013,7,6,3,Saturday
188,07JUL2013,2013,7,7,3,Sunday
189,08JUL2013,2013,7,8,3,Monday
190,09JUL2013,2013,7,9,3,Tuesday
191,10JUL2013,2013,7,10,3,Wednesday
192,11JUL2013,2013,7,11,3,Thursday
193,12JUL2013,2013,7,12,3,Friday
194,13JUL2013,2013,7,13,3,Saturday
195,14JUL2013,2013,7,14,3,Sunday
196,15JUL2013,2013,7,15,3,Monday
197,16JUL2013,2013,7,16,3,Tuesday
198,17JUL2013,2013,7,17,3,Wednesday
199,18JUL2013,2013,7,18,3,Thursday
200,19JUL2013,2013,7,19,3,Friday
201,20JUL2013,2013,7,20,3,Saturday
202,21JUL2013,2013,7,21,3,Sunday
203,22JUL2013,2013,7,22,3,Monday
204,23JUL2013,2013,7,23,3,Tuesday
205,24JUL2013,2013,7,24,3,Wednesday
206,25JUL2013,2013,7,25,3,Thursday
207,26JUL2013,2013,7,26,3,Friday
208,27JUL2013,2013,7,27,3,Saturday
209,28JUL2013,2013,7,28,3,Sunday
210,29JUL2013,2013,7,29,3,Monday
211,30JUL2013,2013,7,30,3,Tuesday
212,31JUL2013,2013,7,31,3,Wednesday
213,01AUG2013,2013,8,1,3,Thursday
214,02AUG2013,2013,8,2,3,Friday
215,03AUG2013,2013,8,3,3,Saturday
216,04AUG2013,2013,8,4,3,Sunday
217,05AUG2013,2013,8,5,3,Monday
218,06AUG2013,2013,8,6,3,Tuesday
219,07AUG2013,2013,8,7,3,Wednesday
220,08AUG2013,2013,8,8,3,Thursday
221,09AUG2013,2013,8,9,3,Friday
222,10AUG2013,2013,8,10,3,Saturday
223,11AUG2013,2013,8,11,3,Sunday
224,12AUG2013,2013,8,12,3,Monday
225,13AUG2013,2013,8,13,3,Tuesday
226,14AUG2013,2013,8,14,3,Wednesday
227,15AUG2013,2013,8,15,3,Thursday
228,16AUG2013,2013,8,16,3,Friday
229,17AUG2013,2013,8,17,3,Saturday
230,18AUG2013,2013,8,18,3,Sunday
231,19AUG2013,2013,8,19,3,Monday
232,20AUG2013,2013,8,20,3,Tuesday
233,21AUG2013,2013,8,21,3,Wednesday
234,22AUG2013,2013,8,22,3,Thursday
235,23AUG2013,2013,8,23,3,Friday
236,24AUG2013,2013,8,24,3,Saturday
237,25AUG2013,2013,8,25,3,Sunday
238,26AUG2013,2013,8,26,3,Monday
239,27AUG2013,2013,8,27,3,Tuesday
240,28AUG2013,2013,8,28,3,Wednesday
241,29AUG2013,2013,8,29,3,Thursday
242,30AUG2013,2013,8,30,3,Friday
243,31AUG2013,2013,8,31,3,Saturday
244,01SEP2013,2013,9,1,3,Sunday
245,02SEP2013,2013,9,2,3,Monday
246,03SEP2013,2013,9,3,3,Tuesday
247,04SEP2013,2013,9,4,3,Wednesday
248,05SEP2013,2013,9,5,3,Thursday
249,06SEP2013,2013,9,6,3,Friday
250,07SEP2013,2013,9,7,3,Saturday
251,08SEP2013,2013,9,8,3,Sunday
252,09SEP2013,2013,9,9,3,Monday
253,10SEP2013,2013,9,10,3,Tuesday
254,11SEP2013,2013,9,11,3,Wednesday
255,12SEP2013,2013,9,12,3,Thursday
256,13SEP2013,2013,9,13,3,Friday
257,14SEP2013,2013,9,14,3,Saturday
258,15SEP2013,2013,9,15,3,Sunday
259,16SEP2013,2013,9,16,3,Monday
260,17SEP2013,2013,9,17,3,Tuesday
261,18SEP2013,2013,9,18,3,Wednesday
262,19SEP2013,2013,9,19,3,Thursday
263,20SEP2013,2013,9,20,3,Friday
264,21SEP2013,2013,9,21,3,Saturday
265,22SEP2013,2013,9,22,3,Sunday
266,23SEP2013,2013,9,23,3,Monday
267,24SEP2013,2013,9,24,3,Tuesday
268,25SEP2013,2013,9,25,3,Wednesday
269,26SEP2013,2013,9,26,3,Thursday
270,27SEP2013,2013,9,27,3,Friday
271,28SEP2013,2013,9,28,3,Saturday
272,29SEP2013,2013,9,29,3,Sunday
273,30SEP2013,2013,9,30,3,Monday
274,01OCT2013,2013,10,1,4,Tuesday
275,02OCT2013,2013,10,2,4,Wednesday
276,03OCT2013,2013,10,3,4,Thursday
277,04OCT2013,2013,10,4,4,Friday
278,05OCT2013,2013,10,5,4,Saturday
279,06OCT2013,2013,10,6,4,Sunday
280,07OCT2013,2013,10,7,4,Monday
281,08OCT2013,2013,10,8,4,Tuesday
282,09OCT2013,2013,10,9,4,Wednesday
283,10OCT2013,2013,10,10,4,Thursday
284,11OCT2013,2013,10,11,4,Friday
285,12OCT2013,2013,10,12,4,Saturday
286,13OCT2013,2013,10,13,4,Sunday
287,14OCT2013,2013,10,14,4,Monday
288,15OCT2013,2013,10,15,4,Tuesday
289,16OCT2013,2013,10,16,4,Wednesday
290,17OCT2013,2013,10,17,4,Thursday
291,18OCT2013,2013,10,18,4,Friday
292,19OCT2013,2013,10,19,4,Saturday
293,20OCT2013,2013,10,20,4,Sunday
294,21OCT2013,2013,10,21,4,Monday
295,22OCT2013,2013,10,22,4,Tuesday
296,23OCT2013,2013,10,23,4,Wednesday
297,24OCT2013,2013,10,24,4,Thursday
298,25OCT2013,2013,10,25,4,Friday
299,26OCT2013,2013,10,26,4,Saturday
300,27OCT2013,2013,10,27,4,Sunday
301,28OCT2013,2013,10,28,4,Monday
302,29OCT2013,2013,10,29,4,Tuesday
303,30OCT2013,2013,10,30,4,Wednesday
304,31OCT2013,2013,10,31,4,Thursday
305,01NOV2013,2013,11,1,4,Friday
306,02NOV2013,2013,11,2,4,Saturday
307,03NOV2013,2013,11,3,4,Sunday
308,04NOV2013,2013,11,4,4,Monday
309,05NOV2013,2013,11,5,4,Tuesday
310,06NOV2013,2013,11,6,4,Wednesday
311,07NOV2013,2013,11,7,4,Thursday
312,08NOV2013,2013,11,8,4,Friday
313,09NOV2013,2013,11,9,4,Saturday
314,10NOV2013,2013,11,10,4,Sunday
315,11NOV2013,2013,11,11,4,Monday
316,12NOV2013,2013,11,12,4,Tuesday
317,13NOV2013,2013,11,13,4,Wednesday
318,14NOV2013,2013,11,14,4,Thursday
319,15NOV2013,2013,11,15,4,Friday
320,16NOV2013,2013,11,16,4,Saturday
321,17NOV2013,2013,11,17,4,Sunday
322,18NOV2013,2013,11,18,4,Monday
323,19NOV2013,2013,11,19,4,Tuesday
324,20NOV2013,2013,11,20,4,Wednesday
325,21NOV2013,2013,11,21,4,Thursday
326,22NOV2013,2013,11,22,4,Friday
327,23NOV2013,2013,11,23,4,Saturday
328,24NOV2013,2013,11,24,4,Sunday
329,25NOV2013,2013,11,25,4,Monday
330,26NOV2013,2013,11,26,4,Tuesday
331,27NOV2013,2013,11,27,4,Wednesday
332,28NOV2013,2013,11,28,4,Thursday
333,29NOV2013,2013,11,29,4,Friday
334,30NOV2013,2013,11,30,4,Saturday
335,01DEC2013,2013,12,1,4,Sunday
336,02DEC2013,2013,12,2,4,Monday
337,03DEC2013,2013,12,3,4,Tuesday
338,04DEC2013,2013,12,4,4,Wednesday
339,05DEC2013,2013,12,5,4,Thursday
340,06DEC2013,2013,12,6,4,Friday
341,07DEC2013,2013,12,7,4,Saturday
342,08DEC2013,2013,12,8,4,Sunday
343,09DEC2013,2013,12,9,4,Monday
344,10DEC2013,2013,12,10,4,Tuesday
345,11DEC2013,2013,12,11,4,Wednesday
346,12DEC2013,2013,12,12,4,Thursday
347,13DEC2013,2013,12,13,4,Friday
348,14DEC2013,2013,12,14,4,Saturday
349,15DEC2013,2013,12,15,4,Sunday
350,16DEC2013,2013,12,16,4,Monday
351,17DEC2013,2013,12,17,4,Tuesday
352,18DEC2013,2013,12,18,4,Wednesday
353,19DEC2013,2013,12,19,4,Thursday
354,20DEC2013,2013,12,20,4,Friday
355,21DEC2013,2013,12,21,4,Saturday
356,22DEC2013,2013,12,22,4,Sunday
357,23DEC2013,2013,12,23,4,Monday
358,24DEC2013,2013,12,24,4,Tuesday
359,25DEC2013,2013,12,25,4,Wednesday
360,26DEC2013,2013,12,26,4,Thursday
361,27DEC2013,2013,12,27,4,Friday
362,28DEC2013,2013,12,28,4,Saturday
363,29DEC2013,2013,12,29,4,Sunday
364,30DEC2013,2013,12,30,4,Monday
365,31DEC2013,2013,12,31,4,Tuesday
366,01JAN2014,2014,1,1,1,Wednesday
367,02JAN2014,2014,1,2,1,Thursday
368,03JAN2014,2014,1,3,1,Friday
369,04JAN2014,2014,1,4,1,Saturday
370,05JAN2014,2014,1,5,1,Sunday
371,06JAN2014,2014,1,6,1,Monday
372,07JAN2014,2014,1,7,1,Tuesday
373,08JAN2014,2014,1,8,1,Wednesday
374,09JAN2014,2014,1,9,1,Thursday
375,10JAN2014,2014,1,10,1,Friday
376,11JAN2014,2014,1,11,1,Saturday
377,12JAN2014,2014,1,12,1,Sunday
378,13JAN2014,2014,1,13,1,Monday
379,14JAN2014,2014,1,14,1,Tuesday
380,15JAN2014,2014,1,15,1,Wednesday
381,16JAN2014,2014,1,16,1,Thursday
382,17JAN2014,2014,1,17,1,Friday
383,18JAN2014,2014,1,18,1,Saturday
384,19JAN2014,2014,1,19,1,Sunday
385,20JAN2014,2014,1,20,1,Monday
386,21JAN2014,2014,1,21,1,Tuesday
387,22JAN2014,2014,1,22,1,Wednesday
388,23JAN2014,2014,1,23,1,Thursday
389,24JAN2014,2014,1,24,1,Friday
390,25JAN2014,2014,1,25,1,Saturday
391,26JAN2014,2014,1,26,1,Sunday
392,27JAN2014,2014,1,27,1,Monday
393,28JAN2014,2014,1,28,1,Tuesday
394,29JAN2014,2014,1,29,1,Wednesday
395,30JAN2014,2014,1,30,1,Thursday
396,31JAN2014,2014,1,31,1,Friday
397,01FEB2014,2014,2,1,1,Saturday
398,02FEB2014,2014,2,2,1,Sunday
399,03FEB2014,2014,2,3,1,Monday
400,04FEB2014,2014,2,4,1,Tuesday
401,05FEB2014,2014,2,5,1,Wednesday
402,06FEB2014,2014,2,6,1,Thursday
403,07FEB2014,2014,2,7,1,Friday
404,08FEB2014,2014,2,8,1,Saturday
405,09FEB2014,2014,2,9,1,Sunday
406,10FEB2014,2014,2,10,1,Monday
407,11FEB2014,2014,2,11,1,Tuesday
408,12FEB2014,2014,2,12,1,Wednesday
409,13FEB2014,2014,2,13,1,Thursday
410,14FEB2014,2014,2,14,1,Friday
411,15FEB2014,2014,2,15,1,Saturday
412,16FEB2014,2014,2,16,1,Sunday
413,17FEB2014,2014,2,17,1,Monday
414,18FEB2014,2014,2,18,1,Tuesday
415,19FEB2014,2014,2,19,1,Wednesday
416,20FEB2014,2014,2,20,1,Thursday
417,21FEB2014,2014,2,21,1,Friday
418,22FEB2014,2014,2,22,1,Saturday
419,23FEB2014,2014,2,23,1,Sunday
420,24FEB2014,2014,2,24,1,Monday
421,25FEB2014,2014,2,25,1,Tuesday
422,26FEB2014,2014,2,26,1,Wednesday
423,27FEB2014,2014,2,27,1,Thursday
424,28FEB2014,2014,2,28,1,Friday
425,01MAR2014,2014,3,1,1,Saturday
426,02MAR2014,2014,3,2,1,Sunday
427,03MAR2014,2014,3,3,1,Monday
428,04MAR2014,2014,3,4,1,Tuesday
429,05MAR2014,2014,3,5,1,Wednesday
430,06MAR2014,2014,3,6,1,Thursday
431,07MAR2014,2014,3,7,1,Friday
432,08MAR2014,2014,3,8,1,Saturday
433,09MAR2014,2014,3,9,1,Sunday
434,10MAR2014,2014,3,10,1,Monday
435,11MAR2014,2014,3,11,1,Tuesday
436,12MAR2014,2014,3,12,1,Wednesday
437,13MAR2014,2014,3,13,1,Thursday
438,14MAR2014,2014,3,14,1,Friday
439,15MAR2014,2014,3,15,1,Saturday
440,16MAR2014,2014,3,16,1,Sunday
441,17MAR2014,2014,3,17,1,Monday
442,18MAR2014,2014,3,18,1,Tuesday
443,19MAR2014,2014,3,19,1,Wednesday
444,20MAR2014,2014,3,20,1,Thursday
445,21MAR2014,2014,3,21,1,Friday
446,22MAR2014,2014,3,22,1,Saturday
447,23MAR2014,2014,3,23,1,Sunday
448,24MAR2014,2014,3,24,1,Monday
449,25MAR2014,2014,3,25,1,Tuesday
450,26MAR2014,2014,3,26,1,Wednesday
451,27MAR2014,2014,3,27,1,Thursday
452,28MAR2014,2014,3,28,1,Friday
453,29MAR2014,2014,3,29,1,Saturday
454,30MAR2014,2014,3,30,1,Sunday
455,31MAR2014,2014,3,31,1,Monday
456,01APR2014,2014,4,1,2,Tuesday
457,02APR2014,2014,4,2,2,Wednesday
458,03APR2014,2014,4,3,2,Thursday
459,04APR2014,2014,4,4,2,Friday
460,05APR2014,2014,4,5,2,Saturday
461,06APR2014,2014,4,6,2,Sunday
462,07APR2014,2014,4,7,2,Monday
463,08APR2014,2014,4,8,2,Tuesday
464,09APR2014,2014,4,9,2,Wednesday
465,10APR2014,2014,4,10,2,Thursday
466,11APR2014,2014,4,11,2,Friday
467,12APR2014,2014,4,12,2,Saturday
468,13APR2014,2014,4,13,2,Sunday
469,14APR2014,2014,4,14,2,Monday
470,15APR2014,2014,4,15,2,Tuesday
471,16APR2014,2014,4,16,2,Wednesday
472,17APR2014,2014,4,17,2,Thursday
473,18APR2014,2014,4,18,2,Friday
474,19APR2014,2014,4,19,2,Saturday
475,20APR2014,2014,4,20,2,Sunday
476,21APR2014,2014,4,21,2,Monday
477,22APR2014,2014,4,22,2,Tuesday
478,23APR2014,2014,4,23,2,Wednesday
479,24APR2014,2014,4,24,2,Thursday
480,25APR2014,2014,4,25,2,Friday
481,26APR2014,2014,4,26,2,Saturday
482,27APR2014,2014,4,27,2,Sunday
483,28APR2014,2014,4,28,2,Monday
484,29APR2014,2014,4,29,2,Tuesday
485,30APR2014,2014,4,30,2,Wednesday
486,01MAY2014,2014,5,1,2,Thursday
487,02MAY2014,2014,5,2,2,Friday
488,03MAY2014,2014,5,3,2,Saturday
489,04MAY2014,2014,5,4,2,Sunday
490,05MAY2014,2014,5,5,2,Monday
491,06MAY2014,2014,5,6,2,Tuesday
492,07MAY2014,2014,5,7,2,Wednesday
493,08MAY2014,2014,5,8,2,Thursday
494,09MAY2014,2014,5,9,2,Friday
495,10MAY2014,2014,5,10,2,Saturday
496,11MAY2014,2014,5,11,2,Sunday
497,12MAY2014,2014,5,12,2,Monday
498,13MAY2014,2014,5,13,2,Tuesday
499,14MAY2014,2014,5,14,2,Wednesday
500,15MAY2014,2014,5,15,2,Thursday
501,16MAY2014,2014,5,16,2,Friday
502,17MAY2014,2014,5,17,2,Saturday
503,18MAY2014,2014,5,18,2,Sunday
504,19MAY2014,2014,5,19,2,Monday
505,20MAY2014,2014,5,20,2,Tuesday
506,21MAY2014,2014,5,21,2,Wednesday
507,22MAY2014,2014,5,22,2,Thursday
508,23MAY2014,2014,5,23,2,Friday
509,24MAY2014,2014,5,24,2,Saturday
510,25MAY2014,2014,5,25,2,Sunday
511,26MAY2014,2014,5,26,2,Monday
512,27MAY2014,2014,5,27,2,Tuesday
513,28MAY2014,2014,5,28,2,Wednesday
514,29MAY2014,2014,5,29,2,Thursday
515,30MAY2014,2014,5,30,2,Friday
516,31MAY2014,2014,5,31,2,Saturday
517,01JUN2014,2014,6,1,2,Sunday
518,02JUN2014,2014,6,2,2,Monday
519,03JUN2014,2014,6,3,2,Tuesday
520,04JUN2014,2014,6,4,2,Wednesday
521,05JUN2014,2014,6,5,2,Thursday
522,06JUN2014,2014,6,6,2,Friday
523,07JUN2014,2014,6,7,2,Saturday
524,08JUN2014,2014,6,8,2,Sunday
525,09JUN2014,2014,6,9,2,Monday
526,10JUN2014,2014,6,10,2,Tuesday
527,11JUN2014,2014,6,11,2,Wednesday
528,12JUN2014,2014,6,12,2,Thursday
529,13JUN2014,2014,6,13,2,Friday
530,14JUN2014,2014,6,14,2,Saturday
531,15JUN2014,2014,6,15,2,Sunday
532,16JUN2014,2014,6,16,2,Monday
533,17JUN2014,2014,6,17,2,Tuesday
534,18JUN2014,2014,6,18,2,Wednesday
535,19JUN2014,2014,6,19,2,Thursday
536,20JUN2014,2014,6,20,2,Friday
537,21JUN2014,2014,6,21,2,Saturday
538,22JUN2014,2014,6,22,2,Sunday
539,23JUN2014,2014,6,23,2,Monday
540,24JUN2014,2014,6,24,2,Tuesday
541,25JUN2014,2014,6,25,2,Wednesday
542,26JUN2014,2014,6,26,2,Thursday
543,27JUN2014,2014,6,27,2,Friday
544,28JUN2014,2014,6,28,2,Saturday
545,29JUN2014,2014,6,29,2,Sunday
546,30JUN2014,2014,6,30,2,Monday
547,01JUL2014,2014,7,1,3,Tuesday
548,02JUL2014,2014,7,2,3,Wednesday
549,03JUL2014,2014,7,3,3,Thursday
550,04JUL2014,2014,7,4,3,Friday
551,05JUL2014,2014,7,5,3,Saturday
552,06JUL2014,2014,7,6,3,Sunday
553,07JUL2014,2014,7,7,3,Monday
554,08JUL2014,2014,7,8,3,Tuesday
555,09JUL2014,2014,7,9,3,Wednesday
556,10JUL2014,2014,7,10,3,Thursday
557,11JUL2014,2014,7,11,3,Friday
558,12JUL2014,2014,7,12,3,Saturday
559,13JUL2014,2014,7,13,3,Sunday
560,14JUL2014,2014,7,14,3,Monday
561,15JUL2014,2014,7,15,3,Tuesday
562,16JUL2014,2014,7,16,3,Wednesday
563,17JUL2014,2014,7,17,3,Thursday
564,18JUL2014,2014,7,18,3,Friday
565,19JUL2014,2014,7,19,3,Saturday
566,20JUL2014,2014,7,20,3,Sunday
567,21JUL2014,2014,7,21,3,Monday
568,22JUL2014,2014,7,22,3,Tuesday
569,23JUL2014,2014,7,23,3,Wednesday
570,24JUL2014,2014,7,24,3,Thursday
571,25JUL2014,2014,7,25,3,Friday
572,26JUL2014,2014,7,26,3,Saturday
573,27JUL2014,2014,7,27,3,Sunday
574,28JUL2014,2014,7,28,3,Monday
575,29JUL2014,2014,7,29,3,Tuesday
576,30JUL2014,2014,7,30,3,Wednesday
577,31JUL2014,2014,7,31,3,Thursday
578,01AUG2014,2014,8,1,3,Friday
579,02AUG2014,2014,8,2,3,Saturday
580,03AUG2014,2014,8,3,3,Sunday
581,04AUG2014,2014,8,4,3,Monday
582,05AUG2014,2014,8,5,3,Tuesday
583,06AUG2014,2014,8,6,3,Wednesday
584,07AUG2014,2014,8,7,3,Thursday
585,08AUG2014,2014,8,8,3,Friday
586,09AUG2014,2014,8,9,3,Saturday
587,10AUG2014,2014,8,10,3,Sunday
588,11AUG2014,2014,8,11,3,Monday
589,12AUG2014,2014,8,12,3,Tuesday
590,13AUG2014,2014,8,13,3,Wednesday
591,14AUG2014,2014,8,14,3,Thursday
592,15AUG2014,2014,8,15,3,Friday
593,16AUG2014,2014,8,16,3,Saturday
594,17AUG2014,2014,8,17,3,Sunday
595,18AUG2014,2014,8,18,3,Monday
596,19AUG2014,2014,8,19,3,Tuesday
597,20AUG2014,2014,8,20,3,Wednesday
598,21AUG2014,2014,8,21,3,Thursday
599,22AUG2014,2014,8,22,3,Friday
600,23AUG2014,2014,8,23,3,Saturday
601,24AUG2014,2014,8,24,3,Sunday
602,25AUG2014,2014,8,25,3,Monday
603,26AUG2014,2014,8,26,3,Tuesday
604,27AUG2014,2014,8,27,3,Wednesday
605,28AUG2014,2014,8,28,3,Thursday
606,29AUG2014,2014,8,29,3,Friday
607,30AUG2014,2014,8,30,3,Saturday
608,31AUG2014,2014,8,31,3,Sunday
609,01SEP2014,2014,9,1,3,Monday
610,02SEP2014,2014,9,2,3,Tuesday
611,03SEP2014,2014,9,3,3,Wednesday
612,04SEP2014,2014,9,4,3,Thursday
613,05SEP2014,2014,9,5,3,Friday
614,06SEP2014,2014,9,6,3,Saturday
615,07SEP2014,2014,9,7,3,Sunday
616,08SEP2014,2014,9,8,3,Monday
617,09SEP2014,2014,9,9,3,Tuesday
618,10SEP2014,2014,9,10,3,Wednesday
619,11SEP2014,2014,9,11,3,Thursday
620,12SEP2014,2014,9,12,3,Friday
621,13SEP2014,2014,9,13,3,Saturday
622,14SEP2014,2014,9,14,3,Sunday
623,15SEP2014,2014,9,15,3,Monday
624,16SEP2014,2014,9,16,3,Tuesday
625,17SEP2014,2014,9,17,3,Wednesday
626,18SEP2014,2014,9,18,3,Thursday
627,19SEP2014,2014,9,19,3,Friday
628,20SEP2014,2014,9,20,3,Saturday
629,21SEP2014,2014,9,21,3,Sunday
630,22SEP2014,2014,9,22,3,Monday
631,23SEP2014,2014,9,23,3,Tuesday
632,24SEP2014,2014,9,24,3,Wednesday
633,25SEP2014,2014,9,25,3,Thursday
634,26SEP2014,2014,9,26,3,Friday
635,27SEP2014,2014,9,27,3,Saturday
636,28SEP2014,2014,9,28,3,Sunday
637,29SEP2014,2014,9,29,3,Monday
638,30SEP2014,2014,9,30,3,Tuesday
639,01OCT2014,2014,10,1,4,Wednesday
640,02OCT2014,2014,10,2,4,Thursday
641,03OCT2014,2014,10,3,4,Friday
642,04OCT2014,2014,10,4,4,Saturday
643,05OCT2014,2014,10,5,4,Sunday
644,06OCT2014,2014,10,6,4,Monday
645,07OCT2014,2014,10,7,4,Tuesday
646,08OCT2014,2014,10,8,4,Wednesday
647,09OCT2014,2014,10,9,4,Thursday
648,10OCT2014,2014,10,10,4,Friday
649,11OCT2014,2014,10,11,4,Saturday
650,12OCT2014,2014,10,12,4,Sunday
651,13OCT2014,2014,10,13,4,Monday
652,14OCT2014,2014,10,14,4,Tuesday
653,15OCT2014,2014,10,15,4,Wednesday
654,16OCT2014,2014,10,16,4,Thursday
655,17OCT2014,2014,10,17,4,Friday
656,18OCT2014,2014,10,18,4,Saturday
657,19OCT2014,2014,10,19,4,Sunday
658,20OCT2014,2014,10,20,4,Monday
659,21OCT2014,2014,10,21,4,Tuesday
660,22OCT2014,2014,10,22,4,Wednesday
661,23OCT2014,2014,10,23,4,Thursday
662,24OCT2014,2014,10,24,4,Friday
663,25OCT2014,2014,10,25,4,Saturday
664,26OCT2014,2014,10,26,4,Sunday
665,27OCT2014,2014,10,27,4,Monday
666,28OCT2014,2014,10,28,4,Tuesday
667,29OCT2014,2014,10,29,4,Wednesday
668,30OCT2014,2014,10,30,4,Thursday
669,31OCT2014,2014,10,31,4,Friday
670,01NOV2014,2014,11,1,4,Saturday
671,02NOV2014,2014,11,2,4,Sunday
672,03NOV2014,2014,11,3,4,Monday
673,04NOV2014,2014,11,4,4,Tuesday
674,05NOV2014,2014,11,5,4,Wednesday
675,06NOV2014,2014,11,6,4,Thursday
676,07NOV2014,2014,11,7,4,Friday
677,08NOV2014,2014,11,8,4,Saturday
678,09NOV2014,2014,11,9,4,Sunday
679,10NOV2014,2014,11,10,4,Monday
680,11NOV2014,2014,11,11,4,Tuesday
681,12NOV2014,2014,11,12,4,Wednesday
682,13NOV2014,2014,11,13,4,Thursday
683,14NOV2014,2014,11,14,4,Friday
684,15NOV2014,2014,11,15,4,Saturday
685,16NOV2014,2014,11,16,4,Sunday
686,17NOV2014,2014,11,17,4,Monday
687,18NOV2014,2014,11,18,4,Tuesday
688,19NOV2014,2014,11,19,4,Wednesday
689,20NOV2014,2014,11,20,4,Thursday
690,21NOV2014,2014,11,21,4,Friday
691,22NOV2014,2014,11,22,4,Saturday
692,23NOV2014,2014,11,23,4,Sunday
693,24NOV2014,2014,11,24,4,Monday
694,25NOV2014,2014,11,25,4,Tuesday
695,26NOV2014,2014,11,26,4,Wednesday
696,27NOV2014,2014,11,27,4,Thursday
697,28NOV2014,2014,11,28,4,Friday
698,29NOV2014,2014,11,29,4,Saturday
699,30NOV2014,2014,11,30,4,Sunday
700,01DEC2014,2014,12,1,4,Monday
701,02DEC2014,2014,12,2,4,Tuesday
702,03DEC2014,2014,12,3,4,Wednesday
703,04DEC2014,2014,12,4,4,Thursday
704,05DEC2014,2014,12,5,4,Friday
705,06DEC2014,2014,12,6,4,Saturday
706,07DEC2014,2014,12,7,4,Sunday
707,08DEC2014,2014,12,8,4,Monday
708,09DEC2014,2014,12,9,4,Tuesday
709,10DEC2014,2014,12,10,4,Wednesday
710,11DEC2014,2014,12,11,4,Thursday
711,12DEC2014,2014,12,12,4,Friday
712,13DEC2014,2014,12,13,4,Saturday
713,14DEC2014,2014,12,14,4,Sunday
714,15DEC2014,2014,12,15,4,Monday
715,16DEC2014,2014,12,16,4,Tuesday
716,17DEC2014,2014,12,17,4,Wednesday
717,18DEC2014,2014,12,18,4,Thursday
718,19DEC2014,2014,12,19,4,Friday
719,20DEC2014,2014,12,20,4,Saturday
720,21DEC2014,2014,12,21,4,Sunday
721,22DEC2014,2014,12,22,4,Monday
722,23DEC2014,2014,12,23,4,Tuesday
723,24DEC2014,2014,12,24,4,Wednesday
724,25DEC2014,2014,12,25,4,Thursday
725,26DEC2014,2014,12,26,4,Friday
726,27DEC2014,2014,12,27,4,Saturday
727,28DEC2014,2014,12,28,4,Sunday
728,29DEC2014,2014,12,29,4,Monday
729,30DEC2014,2014,12,30,4,Tuesday
730,31DEC2014,2014,12,31,4,Wednesday
731,01JAN2015,2015,1,1,1,Thursday
732,02JAN2015,2015,1,2,1,Friday
733,03JAN2015,2015,1,3,1,Saturday
734,04JAN2015,2015,1,4,1,Sunday
735,05JAN2015,2015,1,5,1,Monday
736,06JAN2015,2015,1,6,1,Tuesday
737,07JAN2015,2015,1,7,1,Wednesday
738,08JAN2015,2015,1,8,1,Thursday
739,09JAN2015,2015,1,9,1,Friday
740,10JAN2015,2015,1,10,1,Saturday
741,11JAN2015,2015,1,11,1,Sunday
742,12JAN2015,2015,1,12,1,Monday
743,13JAN2015,2015,1,13,1,Tuesday
744,14JAN2015,2015,1,14,1,Wednesday
745,15JAN2015,2015,1,15,1,Thursday
746,16JAN2015,2015,1,16,1,Friday
747,17JAN2015,2015,1,17,1,Saturday
748,18JAN2015,2015,1,18,1,Sunday
749,19JAN2015,2015,1,19,1,Monday
750,20JAN2015,2015,1,20,1,Tuesday
751,21JAN2015,2015,1,21,1,Wednesday
752,22JAN2015,2015,1,22,1,Thursday
753,23JAN2015,2015,1,23,1,Friday
754,24JAN2015,2015,1,24,1,Saturday
755,25JAN2015,2015,1,25,1,Sunday
756,26JAN2015,2015,1,26,1,Monday
757,27JAN2015,2015,1,27,1,Tuesday
758,28JAN2015,2015,1,28,1,Wednesday
759,29JAN2015,2015,1,29,1,Thursday
760,30JAN2015,2015,1,30,1,Friday
761,31JAN2015,2015,1,31,1,Saturday
762,01FEB2015,2015,2,1,1,Sunday
763,02FEB2015,2015,2,2,1,Monday
764,03FEB2015,2015,2,3,1,Tuesday
765,04FEB2015,2015,2,4,1,Wednesday
766,05FEB2015,2015,2,5,1,Thursday
767,06FEB2015,2015,2,6,1,Friday
768,07FEB2015,2015,2,7,1,Saturday
769,08FEB2015,2015,2,8,1,Sunday
770,09FEB2015,2015,2,9,1,Monday
771,10FEB2015,2015,2,10,1,Tuesday
772,11FEB2015,2015,2,11,1,Wednesday
773,12FEB2015,2015,2,12,1,Thursday
774,13FEB2015,2015,2,13,1,Friday
775,14FEB2015,2015,2,14,1,Saturday
776,15FEB2015,2015,2,15,1,Sunday
777,16FEB2015,2015,2,16,1,Monday
778,17FEB2015,2015,2,17,1,Tuesday
779,18FEB2015,2015,2,18,1,Wednesday
780,19FEB2015,2015,2,19,1,Thursday
781,20FEB2015,2015,2,20,1,Friday
782,21FEB2015,2015,2,21,1,Saturday
783,22FEB2015,2015,2,22,1,Sunday
784,23FEB2015,2015,2,23,1,Monday
785,24FEB2015,2015,2,24,1,Tuesday
786,25FEB2015,2015,2,25,1,Wednesday
787,26FEB2015,2015,2,26,1,Thursday
788,27FEB2015,2015,2,27,1,Friday
789,28FEB2015,2015,2,28,1,Saturday
790,01MAR2015,2015,3,1,1,Sunday
791,02MAR2015,2015,3,2,1,Monday
792,03MAR2015,2015,3,3,1,Tuesday
793,04MAR2015,2015,3,4,1,Wednesday
794,05MAR2015,2015,3,5,1,Thursday
795,06MAR2015,2015,3,6,1,Friday
796,07MAR2015,2015,3,7,1,Saturday
797,08MAR2015,2015,3,8,1,Sunday
798,09MAR2015,2015,3,9,1,Monday
799,10MAR2015,2015,3,10,1,Tuesday
800,11MAR2015,2015,3,11,1,Wednesday
801,12MAR2015,2015,3,12,1,Thursday
802,13MAR2015,2015,3,13,1,Friday
803,14MAR2015,2015,3,14,1,Saturday
804,15MAR2015,2015,3,15,1,Sunday
805,16MAR2015,2015,3,16,1,Monday
806,17MAR2015,2015,3,17,1,Tuesday
807,18MAR2015,2015,3,18,1,Wednesday
808,19MAR2015,2015,3,19,1,Thursday
809,20MAR2015,2015,3,20,1,Friday
810,21MAR2015,2015,3,21,1,Saturday
811,22MAR2015,2015,3,22,1,Sunday
812,23MAR2015,2015,3,23,1,Monday
813,24MAR2015,2015,3,24,1,Tuesday
814,25MAR2015,2015,3,25,1,Wednesday
815,26MAR2015,2015,3,26,1,Thursday
816,27MAR2015,2015,3,27,1,Friday
817,28MAR2015,2015,3,28,1,Saturday
818,29MAR2015,2015,3,29,1,Sunday
819,30MAR2015,2015,3,30,1,Monday
820,31MAR2015,2015,3,31,1,Tuesday
821,01APR2015,2015,4,1,2,Wednesday
822,02APR2015,2015,4,2,2,Thursday
823,03APR2015,2015,4,3,2,Friday
824,04APR2015,2015,4,4,2,Saturday
825,05APR2015,2015,4,5,2,Sunday
826,06APR2015,2015,4,6,2,Monday
827,07APR2015,2015,4,7,2,Tuesday
828,08APR2015,2015,4,8,2,Wednesday
829,09APR2015,2015,4,9,2,Thursday
830,10APR2015,2015,4,10,2,Friday
831,11APR2015,2015,4,11,2,Saturday
832,12APR2015,2015,4,12,2,Sunday
833,13APR2015,2015,4,13,2,Monday
834,14APR2015,2015,4,14,2,Tuesday
835,15APR2015,2015,4,15,2,Wednesday
836,16APR2015,2015,4,16,2,Thursday
837,17APR2015,2015,4,17,2,Friday
838,18APR2015,2015,4,18,2,Saturday
839,19APR2015,2015,4,19,2,Sunday
840,20APR2015,2015,4,20,2,Monday
841,21APR2015,2015,4,21,2,Tuesday
842,22APR2015,2015,4,22,2,Wednesday
843,23APR2015,2015,4,23,2,Thursday
844,24APR2015,2015,4,24,2,Friday
845,25APR2015,2015,4,25,2,Saturday
846,26APR2015,2015,4,26,2,Sunday
847,27APR2015,2015,4,27,2,Monday
848,28APR2015,2015,4,28,2,Tuesday
849,29APR2015,2015,4,29,2,Wednesday
850,30APR2015,2015,4,30,2,Thursday
851,01MAY2015,2015,5,1,2,Friday
852,02MAY2015,2015,5,2,2,Saturday
853,03MAY2015,2015,5,3,2,Sunday
854,04MAY2015,2015,5,4,2,Monday
855,05MAY2015,2015,5,5,2,Tuesday
856,06MAY2015,2015,5,6,2,Wednesday
857,07MAY2015,2015,5,7,2,Thursday
858,08MAY2015,2015,5,8,2,Friday
859,09MAY2015,2015,5,9,2,Saturday
860,10MAY2015,2015,5,10,2,Sunday
861,11MAY2015,2015,5,11,2,Monday
862,12MAY2015,2015,5,12,2,Tuesday
863,13MAY2015,2015,5,13,2,Wednesday
864,14MAY2015,2015,5,14,2,Thursday
865,15MAY2015,2015,5,15,2,Friday
866,16MAY2015,2015,5,16,2,Saturday
867,17MAY2015,2015,5,17,2,Sunday
868,18MAY2015,2015,5,18,2,Monday
869,19MAY2015,2015,5,19,2,Tuesday
870,20MAY2015,2015,5,20,2,Wednesday
871,21MAY2015,2015,5,21,2,Thursday
872,22MAY2015,2015,5,22,2,Friday
873,23MAY2015,2015,5,23,2,Saturday
874,24MAY2015,2015,5,24,2,Sunday
875,25MAY2015,2015,5,25,2,Monday
876,26MAY2015,2015,5,26,2,Tuesday
877,27MAY2015,2015,5,27,2,Wednesday
878,28MAY2015,2015,5,28,2,Thursday
879,29MAY2015,2015,5,29,2,Friday
880,30MAY2015,2015,5,30,2,Saturday
881,31MAY2015,2015,5,31,2,Sunday
882,01JUN2015,2015,6,1,2,Monday
883,02JUN2015,2015,6,2,2,Tuesday
884,03JUN2015,2015,6,3,2,Wednesday
885,04JUN2015,2015,6,4,2,Thursday
886,05JUN2015,2015,6,5,2,Friday
887,06JUN2015,2015,6,6,2,Saturday
888,07JUN2015,2015,6,7,2,Sunday
889,08JUN2015,2015,6,8,2,Monday
890,09JUN2015,2015,6,9,2,Tuesday
891,10JUN2015,2015,6,10,2,Wednesday
892,11JUN2015,2015,6,11,2,Thursday
893,12JUN2015,2015,6,12,2,Friday
894,13JUN2015,2015,6,13,2,Saturday
895,14JUN2015,2015,6,14,2,Sunday
896,15JUN2015,2015,6,15,2,Monday
897,16JUN2015,2015,6,16,2,Tuesday
898,17JUN2015,2015,6,17,2,Wednesday
899,18JUN2015,2015,6,18,2,Thursday
900,19JUN2015,2015,6,19,2,Friday
901,20JUN2015,2015,6,20,2,Saturday
902,21JUN2015,2015,6,21,2,Sunday
903,22JUN2015,2015,6,22,2,Monday
904,23JUN2015,2015,6,23,2,Tuesday
905,24JUN2015,2015,6,24,2,Wednesday
906,25JUN2015,2015,6,25,2,Thursday
907,26JUN2015,2015,6,26,2,Friday
908,27JUN2015,2015,6,27,2,Saturday
909,28JUN2015,2015,6,28,2,Sunday
910,29JUN2015,2015,6,29,2,Monday
911,30JUN2015,2015,6,30,2,Tuesday
912,01JUL2015,2015,7,1,3,Wednesday
913,02JUL2015,2015,7,2,3,Thursday
914,03JUL2015,2015,7,3,3,Friday
915,04JUL2015,2015,7,4,3,Saturday
916,05JUL2015,2015,7,5,3,Sunday
917,06JUL2015,2015,7,6,3,Monday
918,07JUL2015,2015,7,7,3,Tuesday
919,08JUL2015,2015,7,8,3,Wednesday
920,09JUL2015,2015,7,9,3,Thursday
921,10JUL2015,2015,7,10,3,Friday
922,11JUL2015,2015,7,11,3,Saturday
923,12JUL2015,2015,7,12,3,Sunday
924,13JUL2015,2015,7,13,3,Monday
925,14JUL2015,2015,7,14,3,Tuesday
926,15JUL2015,2015,7,15,3,Wednesday
927,16JUL2015,2015,7,16,3,Thursday
928,17JUL2015,2015,7,17,3,Friday
929,18JUL2015,2015,7,18,3,Saturday
930,19JUL2015,2015,7,19,3,Sunday
931,20JUL2015,2015,7,20,3,Monday
932,21JUL2015,2015,7,21,3,Tuesday
933,22JUL2015,2015,7,22,3,Wednesday
934,23JUL2015,2015,7,23,3,Thursday
935,24JUL2015,2015,7,24,3,Friday
936,25JUL2015,2015,7,25,3,Saturday
937,26JUL2015,2015,7,26,3,Sunday
938,27JUL2015,2015,7,27,3,Monday
939,28JUL2015,2015,7,28,3,Tuesday
940,29JUL2015,2015,7,29,3,Wednesday
941,30JUL2015,2015,7,30,3,Thursday
942,31JUL2015,2015,7,31,3,Friday
943,01AUG2015,2015,8,1,3,Saturday
944,02AUG2015,2015,8,2,3,Sunday
945,03AUG2015,2015,8,3,3,Monday
946,04AUG2015,2015,8,4,3,Tuesday
947,05AUG2015,2015,8,5,3,Wednesday
948,06AUG2015,2015,8,6,3,Thursday
949,07AUG2015,2015,8,7,3,Friday
950,08AUG2015,2015,8,8,3,Saturday
951,09AUG2015,2015,8,9,3,Sunday
952,10AUG2015,2015,8,10,3,Monday
953,11AUG2015,2015,8,11,3,Tuesday
954,12AUG2015,2015,8,12,3,Wednesday
955,13AUG2015,2015,8,13,3,Thursday
956,14AUG2015,2015,8,14,3,Friday
957,15AUG2015,2015,8,15,3,Saturday
958,16AUG2015,2015,8,16,3,Sunday
959,17AUG2015,2015,8,17,3,Monday
960,18AUG2015,2015,8,18,3,Tuesday
961,19AUG2015,2015,8,19,3,Wednesday
962,20AUG2015,2015,8,20,3,Thursday
963,21AUG2015,2015,8,21,3,Friday
964,22AUG2015,2015,8,22,3,Saturday
965,23AUG2015,2015,8,23,3,Sunday
966,24AUG2015,2015,8,24,3,Monday
967,25AUG2015,2015,8,25,3,Tuesday
968,26AUG2015,2015,8,26,3,Wednesday
969,27AUG2015,2015,8,27,3,Thursday
970,28AUG2015,2015,8,28,3,Friday
971,29AUG2015,2015,8,29,3,Saturday
972,30AUG2015,2015,8,30,3,Sunday
973,31AUG2015,2015,8,31,3,Monday
974,01SEP2015,2015,9,1,3,Tuesday
975,02SEP2015,2015,9,2,3,Wednesday
976,03SEP2015,2015,9,3,3,Thursday
977,04SEP2015,2015,9,4,3,Friday
978,05SEP2015,2015,9,5,3,Saturday
979,06SEP2015,2015,9,6,3,Sunday
980,07SEP2015,2015,9,7,3,Monday
981,08SEP2015,2015,9,8,3,Tuesday
982,09SEP2015,2015,9,9,3,Wednesday
983,10SEP2015,2015,9,10,3,Thursday
984,11SEP2015,2015,9,11,3,Friday
985,12SEP2015,2015,9,12,3,Saturday
986,13SEP2015,2015,9,13,3,Sunday
987,14SEP2015,2015,9,14,3,Monday
988,15SEP2015,2015,9,15,3,Tuesday
989,16SEP2015,2015,9,16,3,Wednesday
990,17SEP2015,2015,9,17,3,Thursday
991,18SEP2015,2015,9,18,3,Friday
992,19SEP2015,2015,9,19,3,Saturday
993,20SEP2015,2015,9,20,3,Sunday
994,21SEP2015,2015,9,21,3,Monday
995,22SEP2015,2015,9,22,3,Tuesday
996,23SEP2015,2015,9,23,3,Wednesday
997,24SEP2015,2015,9,24,3,Thursday
998,25SEP2015,2015,9,25,3,Friday
999,26SEP2015,2015,9,26,3,Saturday
1000,27SEP2015,2015,9,27,3,Sunday
1001,28SEP2015,2015,9,28,3,Monday
1002,29SEP2015,2015,9,29,3,Tuesday
1003,30SEP2015,2015,9,30,3,Wednesday
1004,01OCT2015,2015,10,1,4,Thursday
1005,02OCT2015,2015,10,2,4,Friday
1006,03OCT2015,2015,10,3,4,Saturday
1007,04OCT2015,2015,10,4,4,Sunday
1008,05OCT2015,2015,10,5,4,Monday
1009,06OCT2015,2015,10,6,4,Tuesday
1010,07OCT2015,2015,10,7,4,Wednesday
1011,08OCT2015,2015,10,8,4,Thursday
1012,09OCT2015,2015,10,9,4,Friday
1013,10OCT2015,2015,10,10,4,Saturday
1014,11OCT2015,2015,10,11,4,Sunday
1015,12OCT2015,2015,10,12,4,Monday
1016,13OCT2015,2015,10,13,4,Tuesday
1017,14OCT2015,2015,10,14,4,Wednesday
1018,15OCT2015,2015,10,15,4,Thursday
1019,16OCT2015,2015,10,16,4,Friday
1020,17OCT2015,2015,10,17,4,Saturday
1021,18OCT2015,2015,10,18,4,Sunday
1022,19OCT2015,2015,10,19,4,Monday
1023,20OCT2015,2015,10,20,4,Tuesday
1024,21OCT2015,2015,10,21,4,Wednesday
1025,22OCT2015,2015,10,22,4,Thursday
1026,23OCT2015,2015,10,23,4,Friday
1027,24OCT2015,2015,10,24,4,Saturday
1028,25OCT2015,2015,10,25,4,Sunday
1029,26OCT2015,2015,10,26,4,Monday
1030,27OCT2015,2015,10,27,4,Tuesday
1031,28OCT2015,2015,10,28,4,Wednesday
1032,29OCT2015,2015,10,29,4,Thursday
1033,30OCT2015,2015,10,30,4,Friday
1034,31OCT2015,2015,10,31,4,Saturday
1035,01NOV2015,2015,11,1,4,Sunday
1036,02NOV2015,2015,11,2,4,Monday
1037,03NOV2015,2015,11,3,4,Tuesday
1038,04NOV2015,2015,11,4,4,Wednesday
1039,05NOV2015,2015,11,5,4,Thursday
1040,06NOV2015,2015,11,6,4,Friday
1041,07NOV2015,2015,11,7,4,Saturday
1042,08NOV2015,2015,11,8,4,Sunday
1043,09NOV2015,2015,11,9,4,Monday
1044,10NOV2015,2015,11,10,4,Tuesday
1045,11NOV2015,2015,11,11,4,Wednesday
1046,12NOV2015,2015,11,12,4,Thursday
1047,13NOV2015,2015,11,13,4,Friday
1048,14NOV2015,2015,11,14,4,Saturday
1049,15NOV2015,2015,11,15,4,Sunday
1050,16NOV2015,2015,11,16,4,Monday
1051,17NOV2015,2015,11,17,4,Tuesday
1052,18NOV2015,2015,11,18,4,Wednesday
1053,19NOV2015,2015,11,19,4,Thursday
1054,20NOV2015,2015,11,20,4,Friday
1055,21NOV2015,2015,11,21,4,Saturday
1056,22NOV2015,2015,11,22,4,Sunday
1057,23NOV2015,2015,11,23,4,Monday
1058,24NOV2015,2015,11,24,4,Tuesday
1059,25NOV2015,2015,11,25,4,Wednesday
1060,26NOV2015,2015,11,26,4,Thursday
1061,27NOV2015,2015,11,27,4,Friday
1062,28NOV2015,2015,11,28,4,Saturday
1063,29NOV2015,2015,11,29,4,Sunday
1064,30NOV2015,2015,11,30,4,Monday
1065,01DEC2015,2015,12,1,4,Tuesday
1066,02DEC2015,2015,12,2,4,Wednesday
1067,03DEC2015,2015,12,3,4,Thursday
1068,04DEC2015,2015,12,4,4,Friday
1069,05DEC2015,2015,12,5,4,Saturday
1070,06DEC2015,2015,12,6,4,Sunday
1071,07DEC2015,2015,12,7,4,Monday
1072,08DEC2015,2015,12,8,4,Tuesday
1073,09DEC2015,2015,12,9,4,Wednesday
1074,10DEC2015,2015,12,10,4,Thursday
1075,11DEC2015,2015,12,11,4,Friday
1076,12DEC2015,2015,12,12,4,Saturday
1077,13DEC2015,2015,12,13,4,Sunday
1078,14DEC2015,2015,12,14,4,Monday
1079,15DEC2015,2015,12,15,4,Tuesday
1080,16DEC2015,2015,12,16,4,Wednesday
1081,17DEC2015,2015,12,17,4,Thursday
1082,18DEC2015,2015,12,18,4,Friday
1083,19DEC2015,2015,12,19,4,Saturday
1084,20DEC2015,2015,12,20,4,Sunday
1085,21DEC2015,2015,12,21,4,Monday
1086,22DEC2015,2015,12,22,4,Tuesday
1087,23DEC2015,2015,12,23,4,Wednesday
1088,24DEC2015,2015,12,24,4,Thursday
1089,25DEC2015,2015,12,25,4,Friday
1090,26DEC2015,2015,12,26,4,Saturday
1091,27DEC2015,2015,12,27,4,Sunday
1092,28DEC2015,2015,12,28,4,Monday
1093,29DEC2015,2015,12,29,4,Tuesday
1094,30DEC2015,2015,12,30,4,Wednesday
1095,31DEC2015,2015,12,31,4,Thursday
1096,01JAN2016,2016,1,1,1,Friday
1097,02JAN2016,2016,1,2,1,Saturday
1098,03JAN2016,2016,1,3,1,Sunday
1099,04JAN2016,2016,1,4,1,Monday
1100,05JAN2016,2016,1,5,1,Tuesday
1101,06JAN2016,2016,1,6,1,Wednesday
1102,07JAN2016,2016,1,7,1,Thursday
1103,08JAN2016,2016,1,8,1,Friday
1104,09JAN2016,2016,1,9,1,Saturday
1105,10JAN2016,2016,1,10,1,Sunday
1106,11JAN2016,2016,1,11,1,Monday
1107,12JAN2016,2016,1,12,1,Tuesday
1108,13JAN2016,2016,1,13,1,Wednesday
1109,14JAN2016,2016,1,14,1,Thursday
1110,15JAN2016,2016,1,15,1,Friday
1111,16JAN2016,2016,1,16,1,Saturday
1112,17JAN2016,2016,1,17,1,Sunday
1113,18JAN2016,2016,1,18,1,Monday
1114,19JAN2016,2016,1,19,1,Tuesday
1115,20JAN2016,2016,1,20,1,Wednesday
1116,21JAN2016,2016,1,21,1,Thursday
1117,22JAN2016,2016,1,22,1,Friday
1118,23JAN2016,2016,1,23,1,Saturday
1119,24JAN2016,2016,1,24,1,Sunday
1120,25JAN2016,2016,1,25,1,Monday
1121,26JAN2016,2016,1,26,1,Tuesday
1122,27JAN2016,2016,1,27,1,Wednesday
1123,28JAN2016,2016,1,28,1,Thursday
1124,29JAN2016,2016,1,29,1,Friday
1125,30JAN2016,2016,1,30,1,Saturday
1126,31JAN2016,2016,1,31,1,Sunday
1127,01FEB2016,2016,2,1,1,Monday
1128,02FEB2016,2016,2,2,1,Tuesday
1129,03FEB2016,2016,2,3,1,Wednesday
1130,04FEB2016,2016,2,4,1,Thursday
1131,05FEB2016,2016,2,5,1,Friday
1132,06FEB2016,2016,2,6,1,Saturday
1133,07FEB2016,2016,2,7,1,Sunday
1134,08FEB2016,2016,2,8,1,Monday
1135,09FEB2016,2016,2,9,1,Tuesday
1136,10FEB2016,2016,2,10,1,Wednesday
1137,11FEB2016,2016,2,11,1,Thursday
1138,12FEB2016,2016,2,12,1,Friday
1139,13FEB2016,2016,2,13,1,Saturday
1140,14FEB2016,2016,2,14,1,Sunday
1141,15FEB2016,2016,2,15,1,Monday
1142,16FEB2016,2016,2,16,1,Tuesday
1143,17FEB2016,2016,2,17,1,Wednesday
1144,18FEB2016,2016,2,18,1,Thursday
1145,19FEB2016,2016,2,19,1,Friday
1146,20FEB2016,2016,2,20,1,Saturday
1147,21FEB2016,2016,2,21,1,Sunday
1148,22FEB2016,2016,2,22,1,Monday
1149,23FEB2016,2016,2,23,1,Tuesday
1150,24FEB2016,2016,2,24,1,Wednesday
1151,25FEB2016,2016,2,25,1,Thursday
1152,26FEB2016,2016,2,26,1,Friday
1153,27FEB2016,2016,2,27,1,Saturday
1154,28FEB2016,2016,2,28,1,Sunday
1155,29FEB2016,2016,2,29,1,Monday
1156,01MAR2016,2016,3,1,1,Tuesday
1157,02MAR2016,2016,3,2,1,Wednesday
1158,03MAR2016,2016,3,3,1,Thursday
1159,04MAR2016,2016,3,4,1,Friday
1160,05MAR2016,2016,3,5,1,Saturday
1161,06MAR2016,2016,3,6,1,Sunday
1162,07MAR2016,2016,3,7,1,Monday
1163,08MAR2016,2016,3,8,1,Tuesday
1164,09MAR2016,2016,3,9,1,Wednesday
1165,10MAR2016,2016,3,10,1,Thursday
1166,11MAR2016,2016,3,11,1,Friday
1167,12MAR2016,2016,3,12,1,Saturday
1168,13MAR2016,2016,3,13,1,Sunday
1169,14MAR2016,2016,3,14,1,Monday
1170,15MAR2016,2016,3,15,1,Tuesday
1171,16MAR2016,2016,3,16,1,Wednesday
1172,17MAR2016,2016,3,17,1,Thursday
1173,18MAR2016,2016,3,18,1,Friday
1174,19MAR2016,2016,3,19,1,Saturday
1175,20MAR2016,2016,3,20,1,Sunday
1176,21MAR2016,2016,3,21,1,Monday
1177,22MAR2016,2016,3,22,1,Tuesday
1178,23MAR2016,2016,3,23,1,Wednesday
1179,24MAR2016,2016,3,24,1,Thursday
1180,25MAR2016,2016,3,25,1,Friday
1181,26MAR2016,2016,3,26,1,Saturday
1182,27MAR2016,2016,3,27,1,Sunday
1183,28MAR2016,2016,3,28,1,Monday
1184,29MAR2016,2016,3,29,1,Tuesday
1185,30MAR2016,2016,3,30,1,Wednesday
1186,31MAR2016,2016,3,31,1,Thursday
1187,01APR2016,2016,4,1,2,Friday
1188,02APR2016,2016,4,2,2,Saturday
1189,03APR2016,2016,4,3,2,Sunday
1190,04APR2016,2016,4,4,2,Monday
1191,05APR2016,2016,4,5,2,Tuesday
1192,06APR2016,2016,4,6,2,Wednesday
1193,07APR2016,2016,4,7,2,Thursday
1194,08APR2016,2016,4,8,2,Friday
1195,09APR2016,2016,4,9,2,Saturday
1196,10APR2016,2016,4,10,2,Sunday
1197,11APR2016,2016,4,11,2,Monday
1198,12APR2016,2016,4,12,2,Tuesday
1199,13APR2016,2016,4,13,2,Wednesday
1200,14APR2016,2016,4,14,2,Thursday
1201,15APR2016,2016,4,15,2,Friday
1202,16APR2016,2016,4,16,2,Saturday
1203,17APR2016,2016,4,17,2,Sunday
1204,18APR2016,2016,4,18,2,Monday
1205,19APR2016,2016,4,19,2,Tuesday
1206,20APR2016,2016,4,20,2,Wednesday
1207,21APR2016,2016,4,21,2,Thursday
1208,22APR2016,2016,4,22,2,Friday
1209,23APR2016,2016,4,23,2,Saturday
1210,24APR2016,2016,4,24,2,Sunday
1211,25APR2016,2016,4,25,2,Monday
1212,26APR2016,2016,4,26,2,Tuesday
1213,27APR2016,2016,4,27,2,Wednesday
1214,28APR2016,2016,4,28,2,Thursday
1215,29APR2016,2016,4,29,2,Friday
1216,30APR2016,2016,4,30,2,Saturday
1217,01MAY2016,2016,5,1,2,Sunday
1218,02MAY2016,2016,5,2,2,Monday
1219,03MAY2016,2016,5,3,2,Tuesday
1220,04MAY2016,2016,5,4,2,Wednesday
1221,05MAY2016,2016,5,5,2,Thursday
1222,06MAY2016,2016,5,6,2,Friday
1223,07MAY2016,2016,5,7,2,Saturday
1224,08MAY2016,2016,5,8,2,Sunday
1225,09MAY2016,2016,5,9,2,Monday
1226,10MAY2016,2016,5,10,2,Tuesday
1227,11MAY2016,2016,5,11,2,Wednesday
1228,12MAY2016,2016,5,12,2,Thursday
1229,13MAY2016,2016,5,13,2,Friday
1230,14MAY2016,2016,5,14,2,Saturday
1231,15MAY2016,2016,5,15,2,Sunday
1232,16MAY2016,2016,5,16,2,Monday
1233,17MAY2016,2016,5,17,2,Tuesday
1234,18MAY2016,2016,5,18,2,Wednesday
1235,19MAY2016,2016,5,19,2,Thursday
1236,20MAY2016,2016,5,20,2,Friday
1237,21MAY2016,2016,5,21,2,Saturday
1238,22MAY2016,2016,5,22,2,Sunday
1239,23MAY2016,2016,5,23,2,Monday
1240,24MAY2016,2016,5,24,2,Tuesday
1241,25MAY2016,2016,5,25,2,Wednesday
1242,26MAY2016,2016,5,26,2,Thursday
1243,27MAY2016,2016,5,27,2,Friday
1244,28MAY2016,2016,5,28,2,Saturday
1245,29MAY2016,2016,5,29,2,Sunday
1246,30MAY2016,2016,5,30,2,Monday
1247,31MAY2016,2016,5,31,2,Tuesday
1248,01JUN2016,2016,6,1,2,Wednesday
1249,02JUN2016,2016,6,2,2,Thursday
1250,03JUN2016,2016,6,3,2,Friday
1251,04JUN2016,2016,6,4,2,Saturday
1252,05JUN2016,2016,6,5,2,Sunday
1253,06JUN2016,2016,6,6,2,Monday
1254,07JUN2016,2016,6,7,2,Tuesday
1255,08JUN2016,2016,6,8,2,Wednesday
1256,09JUN2016,2016,6,9,2,Thursday
1257,10JUN2016,2016,6,10,2,Friday
1258,11JUN2016,2016,6,11,2,Saturday
1259,12JUN2016,2016,6,12,2,Sunday
1260,13JUN2016,2016,6,13,2,Monday
1261,14JUN2016,2016,6,14,2,Tuesday
1262,15JUN2016,2016,6,15,2,Wednesday
1263,16JUN2016,2016,6,16,2,Thursday
1264,17JUN2016,2016,6,17,2,Friday
1265,18JUN2016,2016,6,18,2,Saturday
1266,19JUN2016,2016,6,19,2,Sunday
1267,20JUN2016,2016,6,20,2,Monday
1268,21JUN2016,2016,6,21,2,Tuesday
1269,22JUN2016,2016,6,22,2,Wednesday
1270,23JUN2016,2016,6,23,2,Thursday
1271,24JUN2016,2016,6,24,2,Friday
1272,25JUN2016,2016,6,25,2,Saturday
1273,26JUN2016,2016,6,26,2,Sunday
1274,27JUN2016,2016,6,27,2,Monday
1275,28JUN2016,2016,6,28,2,Tuesday
1276,29JUN2016,2016,6,29,2,Wednesday
1277,30JUN2016,2016,6,30,2,Thursday
1278,01JUL2016,2016,7,1,3,Friday
1279,02JUL2016,2016,7,2,3,Saturday
1280,03JUL2016,2016,7,3,3,Sunday
1281,04JUL2016,2016,7,4,3,Monday
1282,05JUL2016,2016,7,5,3,Tuesday
1283,06JUL2016,2016,7,6,3,Wednesday
1284,07JUL2016,2016,7,7,3,Thursday
1285,08JUL2016,2016,7,8,3,Friday
1286,09JUL2016,2016,7,9,3,Saturday
1287,10JUL2016,2016,7,10,3,Sunday
1288,11JUL2016,2016,7,11,3,Monday
1289,12JUL2016,2016,7,12,3,Tuesday
1290,13JUL2016,2016,7,13,3,Wednesday
1291,14JUL2016,2016,7,14,3,Thursday
1292,15JUL2016,2016,7,15,3,Friday
1293,16JUL2016,2016,7,16,3,Saturday
1294,17JUL2016,2016,7,17,3,Sunday
1295,18JUL2016,2016,7,18,3,Monday
1296,19JUL2016,2016,7,19,3,Tuesday
1297,20JUL2016,2016,7,20,3,Wednesday
1298,21JUL2016,2016,7,21,3,Thursday
1299,22JUL2016,2016,7,22,3,Friday
1300,23JUL2016,2016,7,23,3,Saturday
1301,24JUL2016,2016,7,24,3,Sunday
1302,25JUL2016,2016,7,25,3,Monday
1303,26JUL2016,2016,7,26,3,Tuesday
1304,27JUL2016,2016,7,27,3,Wednesday
1305,28JUL2016,2016,7,28,3,Thursday
1306,29JUL2016,2016,7,29,3,Friday
1307,30JUL2016,2016,7,30,3,Saturday
1308,31JUL2016,2016,7,31,3,Sunday
1309,01AUG2016,2016,8,1,3,Monday
1310,02AUG2016,2016,8,2,3,Tuesday
1311,03AUG2016,2016,8,3,3,Wednesday
1312,04AUG2016,2016,8,4,3,Thursday
1313,05AUG2016,2016,8,5,3,Friday
1314,06AUG2016,2016,8,6,3,Saturday
1315,07AUG2016,2016,8,7,3,Sunday
1316,08AUG2016,2016,8,8,3,Monday
1317,09AUG2016,2016,8,9,3,Tuesday
1318,10AUG2016,2016,8,10,3,Wednesday
1319,11AUG2016,2016,8,11,3,Thursday
1320,12AUG2016,2016,8,12,3,Friday
1321,13AUG2016,2016,8,13,3,Saturday
1322,14AUG2016,2016,8,14,3,Sunday
1323,15AUG2016,2016,8,15,3,Monday
1324,16AUG2016,2016,8,16,3,Tuesday
1325,17AUG2016,2016,8,17,3,Wednesday
1326,18AUG2016,2016,8,18,3,Thursday
1327,19AUG2016,2016,8,19,3,Friday
1328,20AUG2016,2016,8,20,3,Saturday
1329,21AUG2016,2016,8,21,3,Sunday
1330,22AUG2016,2016,8,22,3,Monday
1331,23AUG2016,2016,8,23,3,Tuesday
1332,24AUG2016,2016,8,24,3,Wednesday
1333,25AUG2016,2016,8,25,3,Thursday
1334,26AUG2016,2016,8,26,3,Friday
1335,27AUG2016,2016,8,27,3,Saturday
1336,28AUG2016,2016,8,28,3,Sunday
1337,29AUG2016,2016,8,29,3,Monday
1338,30AUG2016,2016,8,30,3,Tuesday
1339,31AUG2016,2016,8,31,3,Wednesday
1340,01SEP2016,2016,9,1,3,Thursday
1341,02SEP2016,2016,9,2,3,Friday
1342,03SEP2016,2016,9,3,3,Saturday
1343,04SEP2016,2016,9,4,3,Sunday
1344,05SEP2016,2016,9,5,3,Monday
1345,06SEP2016,2016,9,6,3,Tuesday
1346,07SEP2016,2016,9,7,3,Wednesday
1347,08SEP2016,2016,9,8,3,Thursday
1348,09SEP2016,2016,9,9,3,Friday
1349,10SEP2016,2016,9,10,3,Saturday
1350,11SEP2016,2016,9,11,3,Sunday
1351,12SEP2016,2016,9,12,3,Monday
1352,13SEP2016,2016,9,13,3,Tuesday
1353,14SEP2016,2016,9,14,3,Wednesday
1354,15SEP2016,2016,9,15,3,Thursday
1355,16SEP2016,2016,9,16,3,Friday
1356,17SEP2016,2016,9,17,3,Saturday
1357,18SEP2016,2016,9,18,3,Sunday
1358,19SEP2016,2016,9,19,3,Monday
1359,20SEP2016,2016,9,20,3,Tuesday
1360,21SEP2016,2016,9,21,3,Wednesday
1361,22SEP2016,2016,9,22,3,Thursday
1362,23SEP2016,2016,9,23,3,Friday
1363,24SEP2016,2016,9,24,3,Saturday
1364,25SEP2016,2016,9,25,3,Sunday
1365,26SEP2016,2016,9,26,3,Monday
1366,27SEP2016,2016,9,27,3,Tuesday
1367,28SEP2016,2016,9,28,3,Wednesday
1368,29SEP2016,2016,9,29,3,Thursday
1369,30SEP2016,2016,9,30,3,Friday
1370,01OCT2016,2016,10,1,4,Saturday
1371,02OCT2016,2016,10,2,4,Sunday
1372,03OCT2016,2016,10,3,4,Monday
1373,04OCT2016,2016,10,4,4,Tuesday
1374,05OCT2016,2016,10,5,4,Wednesday
1375,06OCT2016,2016,10,6,4,Thursday
1376,07OCT2016,2016,10,7,4,Friday
1377,08OCT2016,2016,10,8,4,Saturday
1378,09OCT2016,2016,10,9,4,Sunday
1379,10OCT2016,2016,10,10,4,Monday
1380,11OCT2016,2016,10,11,4,Tuesday
1381,12OCT2016,2016,10,12,4,Wednesday
1382,13OCT2016,2016,10,13,4,Thursday
1383,14OCT2016,2016,10,14,4,Friday
1384,15OCT2016,2016,10,15,4,Saturday
1385,16OCT2016,2016,10,16,4,Sunday
1386,17OCT2016,2016,10,17,4,Monday
1387,18OCT2016,2016,10,18,4,Tuesday
1388,19OCT2016,2016,10,19,4,Wednesday
1389,20OCT2016,2016,10,20,4,Thursday
1390,21OCT2016,2016,10,21,4,Friday
1391,22OCT2016,2016,10,22,4,Saturday
1392,23OCT2016,2016,10,23,4,Sunday
1393,24OCT2016,2016,10,24,4,Monday
1394,25OCT2016,2016,10,25,4,Tuesday
1395,26OCT2016,2016,10,26,4,Wednesday
1396,27OCT2016,2016,10,27,4,Thursday
1397,28OCT2016,2016,10,28,4,Friday
1398,29OCT2016,2016,10,29,4,Saturday
1399,30OCT2016,2016,10,30,4,Sunday
1400,31OCT2016,2016,10,31,4,Monday
1401,01NOV2016,2016,11,1,4,Tuesday
1402,02NOV2016,2016,11,2,4,Wednesday
1403,03NOV2016,2016,11,3,4,Thursday
1404,04NOV2016,2016,11,4,4,Friday
1405,05NOV2016,2016,11,5,4,Saturday
1406,06NOV2016,2016,11,6,4,Sunday
1407,07NOV2016,2016,11,7,4,Monday
1408,08NOV2016,2016,11,8,4,Tuesday
1409,09NOV2016,2016,11,9,4,Wednesday
1410,10NOV2016,2016,11,10,4,Thursday
1411,11NOV2016,2016,11,11,4,Friday
1412,12NOV2016,2016,11,12,4,Saturday
1413,13NOV2016,2016,11,13,4,Sunday
1414,14NOV2016,2016,11,14,4,Monday
1415,15NOV2016,2016,11,15,4,Tuesday
1416,16NOV2016,2016,11,16,4,Wednesday
1417,17NOV2016,2016,11,17,4,Thursday
1418,18NOV2016,2016,11,18,4,Friday
1419,19NOV2016,2016,11,19,4,Saturday
1420,20NOV2016,2016,11,20,4,Sunday
1421,21NOV2016,2016,11,21,4,Monday
1422,22NOV2016,2016,11,22,4,Tuesday
1423,23NOV2016,2016,11,23,4,Wednesday
1424,24NOV2016,2016,11,24,4,Thursday
1425,25NOV2016,2016,11,25,4,Friday
1426,26NOV2016,2016,11,26,4,Saturday
1427,27NOV2016,2016,11,27,4,Sunday
1428,28NOV2016,2016,11,28,4,Monday
1429,29NOV2016,2016,11,29,4,Tuesday
1430,30NOV2016,2016,11,30,4,Wednesday
1431,01DEC2016,2016,12,1,4,Thursday
1432,02DEC2016,2016,12,2,4,Friday
1433,03DEC2016,2016,12,3,4,Saturday
1434,04DEC2016,2016,12,4,4,Sunday
1435,05DEC2016,2016,12,5,4,Monday
1436,06DEC2016,2016,12,6,4,Tuesday
1437,07DEC2016,2016,12,7,4,Wednesday
1438,08DEC2016,2016,12,8,4,Thursday
1439,09DEC2016,2016,12,9,4,Friday
1440,10DEC2016,2016,12,10,4,Saturday
1441,11DEC2016,2016,12,11,4,Sunday
1442,12DEC2016,2016,12,12,4,Monday
1443,13DEC2016,2016,12,13,4,Tuesday
1444,14DEC2016,2016,12,14,4,Wednesday
1445,15DEC2016,2016,12,15,4,Thursday
1446,16DEC2016,2016,12,16,4,Friday
1447,17DEC2016,2016,12,17,4,Saturday
1448,18DEC2016,2016,12,18,4,Sunday
1449,19DEC2016,2016,12,19,4,Monday
1450,20DEC2016,2016,12,20,4,Tuesday
1451,21DEC2016,2016,12,21,4,Wednesday
1452,22DEC2016,2016,12,22,4,Thursday
1453,23DEC2016,2016,12,23,4,Friday
1454,24DEC2016,2016,12,24,4,Saturday
1455,25DEC2016,2016,12,25,4,Sunday
1456,26DEC2016,2016,12,26,4,Monday
1457,27DEC2016,2016,12,27,4,Tuesday
1458,28DEC2016,2016,12,28,4,Wednesday
1459,29DEC2016,2016,12,29,4,Thursday
1460,30DEC2016,2016,12,30,4,Friday
1461,31DEC2016,2016,12,31,4,Saturday
1462,01JAN2017,2017,1,1,1,Sunday
1463,02JAN2017,2017,1,2,1,Monday
1464,03JAN2017,2017,1,3,1,Tuesday
1465,04JAN2017,2017,1,4,1,Wednesday
1466,05JAN2017,2017,1,5,1,Thursday
1467,06JAN2017,2017,1,6,1,Friday
1468,07JAN2017,2017,1,7,1,Saturday
1469,08JAN2017,2017,1,8,1,Sunday
1470,09JAN2017,2017,1,9,1,Monday
1471,10JAN2017,2017,1,10,1,Tuesday
1472,11JAN2017,2017,1,11,1,Wednesday
1473,12JAN2017,2017,1,12,1,Thursday
1474,13JAN2017,2017,1,13,1,Friday
1475,14JAN2017,2017,1,14,1,Saturday
1476,15JAN2017,2017,1,15,1,Sunday
1477,16JAN2017,2017,1,16,1,Monday
1478,17JAN2017,2017,1,17,1,Tuesday
1479,18JAN2017,2017,1,18,1,Wednesday
1480,19JAN2017,2017,1,19,1,Thursday
1481,20JAN2017,2017,1,20,1,Friday
1482,21JAN2017,2017,1,21,1,Saturday
1483,22JAN2017,2017,1,22,1,Sunday
1484,23JAN2017,2017,1,23,1,Monday
1485,24JAN2017,2017,1,24,1,Tuesday
1486,25JAN2017,2017,1,25,1,Wednesday
1487,26JAN2017,2017,1,26,1,Thursday
1488,27JAN2017,2017,1,27,1,Friday
1489,28JAN2017,2017,1,28,1,Saturday
1490,29JAN2017,2017,1,29,1,Sunday
1491,30JAN2017,2017,1,30,1,Monday
1492,31JAN2017,2017,1,31,1,Tuesday
1493,01FEB2017,2017,2,1,1,Wednesday
1494,02FEB2017,2017,2,2,1,Thursday
1495,03FEB2017,2017,2,3,1,Friday
1496,04FEB2017,2017,2,4,1,Saturday
1497,05FEB2017,2017,2,5,1,Sunday
1498,06FEB2017,2017,2,6,1,Monday
1499,07FEB2017,2017,2,7,1,Tuesday
1500,08FEB2017,2017,2,8,1,Wednesday
1501,09FEB2017,2017,2,9,1,Thursday
1502,10FEB2017,2017,2,10,1,Friday
1503,11FEB2017,2017,2,11,1,Saturday
1504,12FEB2017,2017,2,12,1,Sunday
1505,13FEB2017,2017,2,13,1,Monday
1506,14FEB2017,2017,2,14,1,Tuesday
1507,15FEB2017,2017,2,15,1,Wednesday
1508,16FEB2017,2017,2,16,1,Thursday
1509,17FEB2017,2017,2,17,1,Friday
1510,18FEB2017,2017,2,18,1,Saturday
1511,19FEB2017,2017,2,19,1,Sunday
1512,20FEB2017,2017,2,20,1,Monday
1513,21FEB2017,2017,2,21,1,Tuesday
1514,22FEB2017,2017,2,22,1,Wednesday
1515,23FEB2017,2017,2,23,1,Thursday
1516,24FEB2017,2017,2,24,1,Friday
1517,25FEB2017,2017,2,25,1,Saturday
1518,26FEB2017,2017,2,26,1,Sunday
1519,27FEB2017,2017,2,27,1,Monday
1520,28FEB2017,2017,2,28,1,Tuesday
1521,01MAR2017,2017,3,1,1,Wednesday
1522,02MAR2017,2017,3,2,1,Thursday
1523,03MAR2017,2017,3,3,1,Friday
1524,04MAR2017,2017,3,4,1,Saturday
1525,05MAR2017,2017,3,5,1,Sunday
1526,06MAR2017,2017,3,6,1,Monday
1527,07MAR2017,2017,3,7,1,Tuesday
1528,08MAR2017,2017,3,8,1,Wednesday
1529,09MAR2017,2017,3,9,1,Thursday
1530,10MAR2017,2017,3,10,1,Friday
1531,11MAR2017,2017,3,11,1,Saturday
1532,12MAR2017,2017,3,12,1,Sunday
1533,13MAR2017,2017,3,13,1,Monday
1534,14MAR2017,2017,3,14,1,Tuesday
1535,15MAR2017,2017,3,15,1,Wednesday
1536,16MAR2017,2017,3,16,1,Thursday
1537,17MAR2017,2017,3,17,1,Friday
1538,18MAR2017,2017,3,18,1,Saturday
1539,19MAR2017,2017,3,19,1,Sunday
1540,20MAR2017,2017,3,20,1,Monday
1541,21MAR2017,2017,3,21,1,Tuesday
1542,22MAR2017,2017,3,22,1,Wednesday
1543,23MAR2017,2017,3,23,1,Thursday
1544,24MAR2017,2017,3,24,1,Friday
1545,25MAR2017,2017,3,25,1,Saturday
1546,26MAR2017,2017,3,26,1,Sunday
1547,27MAR2017,2017,3,27,1,Monday
1548,28MAR2017,2017,3,28,1,Tuesday
1549,29MAR2017,2017,3,29,1,Wednesday
1550,30MAR2017,2017,3,30,1,Thursday
1551,31MAR2017,2017,3,31,1,Friday
1552,01APR2017,2017,4,1,2,Saturday
1553,02APR2017,2017,4,2,2,Sunday
1554,03APR2017,2017,4,3,2,Monday
1555,04APR2017,2017,4,4,2,Tuesday
1556,05APR2017,2017,4,5,2,Wednesday
1557,06APR2017,2017,4,6,2,Thursday
1558,07APR2017,2017,4,7,2,Friday
1559,08APR2017,2017,4,8,2,Saturday
1560,09APR2017,2017,4,9,2,Sunday
1561,10APR2017,2017,4,10,2,Monday
1562,11APR2017,2017,4,11,2,Tuesday
1563,12APR2017,2017,4,12,2,Wednesday
1564,13APR2017,2017,4,13,2,Thursday
1565,14APR2017,2017,4,14,2,Friday
1566,15APR2017,2017,4,15,2,Saturday
1567,16APR2017,2017,4,16,2,Sunday
1568,17APR2017,2017,4,17,2,Monday
1569,18APR2017,2017,4,18,2,Tuesday
1570,19APR2017,2017,4,19,2,Wednesday
1571,20APR2017,2017,4,20,2,Thursday
1572,21APR2017,2017,4,21,2,Friday
1573,22APR2017,2017,4,22,2,Saturday
1574,23APR2017,2017,4,23,2,Sunday
1575,24APR2017,2017,4,24,2,Monday
1576,25APR2017,2017,4,25,2,Tuesday
1577,26APR2017,2017,4,26,2,Wednesday
1578,27APR2017,2017,4,27,2,Thursday
1579,28APR2017,2017,4,28,2,Friday
1580,29APR2017,2017,4,29,2,Saturday
1581,30APR2017,2017,4,30,2,Sunday
1582,01MAY2017,2017,5,1,2,Monday
1583,02MAY2017,2017,5,2,2,Tuesday
1584,03MAY2017,2017,5,3,2,Wednesday
1585,04MAY2017,2017,5,4,2,Thursday
1586,05MAY2017,2017,5,5,2,Friday
1587,06MAY2017,2017,5,6,2,Saturday
1588,07MAY2017,2017,5,7,2,Sunday
1589,08MAY2017,2017,5,8,2,Monday
1590,09MAY2017,2017,5,9,2,Tuesday
1591,10MAY2017,2017,5,10,2,Wednesday
1592,11MAY2017,2017,5,11,2,Thursday
1593,12MAY2017,2017,5,12,2,Friday
1594,13MAY2017,2017,5,13,2,Saturday
1595,14MAY2017,2017,5,14,2,Sunday
1596,15MAY2017,2017,5,15,2,Monday
1597,16MAY2017,2017,5,16,2,Tuesday
1598,17MAY2017,2017,5,17,2,Wednesday
1599,18MAY2017,2017,5,18,2,Thursday
1600,19MAY2017,2017,5,19,2,Friday
1601,20MAY2017,2017,5,20,2,Saturday
1602,21MAY2017,2017,5,21,2,Sunday
1603,22MAY2017,2017,5,22,2,Monday
1604,23MAY2017,2017,5,23,2,Tuesday
1605,24MAY2017,2017,5,24,2,Wednesday
1606,25MAY2017,2017,5,25,2,Thursday
1607,26MAY2017,2017,5,26,2,Friday
1608,27MAY2017,2017,5,27,2,Saturday
1609,28MAY2017,2017,5,28,2,Sunday
1610,29MAY2017,2017,5,29,2,Monday
1611,30MAY2017,2017,5,30,2,Tuesday
1612,31MAY2017,2017,5,31,2,Wednesday
1613,01JUN2017,2017,6,1,2,Thursday
1614,02JUN2017,2017,6,2,2,Friday
1615,03JUN2017,2017,6,3,2,Saturday
1616,04JUN2017,2017,6,4,2,Sunday
1617,05JUN2017,2017,6,5,2,Monday
1618,06JUN2017,2017,6,6,2,Tuesday
1619,07JUN2017,2017,6,7,2,Wednesday
1620,08JUN2017,2017,6,8,2,Thursday
1621,09JUN2017,2017,6,9,2,Friday
1622,10JUN2017,2017,6,10,2,Saturday
1623,11JUN2017,2017,6,11,2,Sunday
1624,12JUN2017,2017,6,12,2,Monday
1625,13JUN2017,2017,6,13,2,Tuesday
1626,14JUN2017,2017,6,14,2,Wednesday
1627,15JUN2017,2017,6,15,2,Thursday
1628,16JUN2017,2017,6,16,2,Friday
1629,17JUN2017,2017,6,17,2,Saturday
1630,18JUN2017,2017,6,18,2,Sunday
1631,19JUN2017,2017,6,19,2,Monday
1632,20JUN2017,2017,6,20,2,Tuesday
1633,21JUN2017,2017,6,21,2,Wednesday
1634,22JUN2017,2017,6,22,2,Thursday
1635,23JUN2017,2017,6,23,2,Friday
1636,24JUN2017,2017,6,24,2,Saturday
1637,25JUN2017,2017,6,25,2,Sunday
1638,26JUN2017,2017,6,26,2,Monday
1639,27JUN2017,2017,6,27,2,Tuesday
1640,28JUN2017,2017,6,28,2,Wednesday
1641,29JUN2017,2017,6,29,2,Thursday
1642,30JUN2017,2017,6,30,2,Friday
1643,01JUL2017,2017,7,1,3,Saturday
1644,02JUL2017,2017,7,2,3,Sunday
1645,03JUL2017,2017,7,3,3,Monday
1646,04JUL2017,2017,7,4,3,Tuesday
1647,05JUL2017,2017,7,5,3,Wednesday
1648,06JUL2017,2017,7,6,3,Thursday
1649,07JUL2017,2017,7,7,3,Friday
1650,08JUL2017,2017,7,8,3,Saturday
1651,09JUL2017,2017,7,9,3,Sunday
1652,10JUL2017,2017,7,10,3,Monday
1653,11JUL2017,2017,7,11,3,Tuesday
1654,12JUL2017,2017,7,12,3,Wednesday
1655,13JUL2017,2017,7,13,3,Thursday
1656,14JUL2017,2017,7,14,3,Friday
1657,15JUL2017,2017,7,15,3,Saturday
1658,16JUL2017,2017,7,16,3,Sunday
1659,17JUL2017,2017,7,17,3,Monday
1660,18JUL2017,2017,7,18,3,Tuesday
1661,19JUL2017,2017,7,19,3,Wednesday
1662,20JUL2017,2017,7,20,3,Thursday
1663,21JUL2017,2017,7,21,3,Friday
1664,22JUL2017,2017,7,22,3,Saturday
1665,23JUL2017,2017,7,23,3,Sunday
1666,24JUL2017,2017,7,24,3,Monday
1667,25JUL2017,2017,7,25,3,Tuesday
1668,26JUL2017,2017,7,26,3,Wednesday
1669,27JUL2017,2017,7,27,3,Thursday
1670,28JUL2017,2017,7,28,3,Friday
1671,29JUL2017,2017,7,29,3,Saturday
1672,30JUL2017,2017,7,30,3,Sunday
1673,31JUL2017,2017,7,31,3,Monday
1674,01AUG2017,2017,8,1,3,Tuesday
1675,02AUG2017,2017,8,2,3,Wednesday
1676,03AUG2017,2017,8,3,3,Thursday
1677,04AUG2017,2017,8,4,3,Friday
1678,05AUG2017,2017,8,5,3,Saturday
1679,06AUG2017,2017,8,6,3,Sunday
1680,07AUG2017,2017,8,7,3,Monday
1681,08AUG2017,2017,8,8,3,Tuesday
1682,09AUG2017,2017,8,9,3,Wednesday
1683,10AUG2017,2017,8,10,3,Thursday
1684,11AUG2017,2017,8,11,3,Friday
1685,12AUG2017,2017,8,12,3,Saturday
1686,13AUG2017,2017,8,13,3,Sunday
1687,14AUG2017,2017,8,14,3,Monday
1688,15AUG2017,2017,8,15,3,Tuesday
1689,16AUG2017,2017,8,16,3,Wednesday
1690,17AUG2017,2017,8,17,3,Thursday
1691,18AUG2017,2017,8,18,3,Friday
1692,19AUG2017,2017,8,19,3,Saturday
1693,20AUG2017,2017,8,20,3,Sunday
1694,21AUG2017,2017,8,21,3,Monday
1695,22AUG2017,2017,8,22,3,Tuesday
1696,23AUG2017,2017,8,23,3,Wednesday
1697,24AUG2017,2017,8,24,3,Thursday
1698,25AUG2017,2017,8,25,3,Friday
1699,26AUG2017,2017,8,26,3,Saturday
1700,27AUG2017,2017,8,27,3,Sunday
1701,28AUG2017,2017,8,28,3,Monday
1702,29AUG2017,2017,8,29,3,Tuesday
1703,30AUG2017,2017,8,30,3,Wednesday
1704,31AUG2017,2017,8,31,3,Thursday
1705,01SEP2017,2017,9,1,3,Friday
1706,02SEP2017,2017,9,2,3,Saturday
1707,03SEP2017,2017,9,3,3,Sunday
1708,04SEP2017,2017,9,4,3,Monday
1709,05SEP2017,2017,9,5,3,Tuesday
1710,06SEP2017,2017,9,6,3,Wednesday
1711,07SEP2017,2017,9,7,3,Thursday
1712,08SEP2017,2017,9,8,3,Friday
1713,09SEP2017,2017,9,9,3,Saturday
1714,10SEP2017,2017,9,10,3,Sunday
1715,11SEP2017,2017,9,11,3,Monday
1716,12SEP2017,2017,9,12,3,Tuesday
1717,13SEP2017,2017,9,13,3,Wednesday
1718,14SEP2017,2017,9,14,3,Thursday
1719,15SEP2017,2017,9,15,3,Friday
1720,16SEP2017,2017,9,16,3,Saturday
1721,17SEP2017,2017,9,17,3,Sunday
1722,18SEP2017,2017,9,18,3,Monday
1723,19SEP2017,2017,9,19,3,Tuesday
1724,20SEP2017,2017,9,20,3,Wednesday
1725,21SEP2017,2017,9,21,3,Thursday
1726,22SEP2017,2017,9,22,3,Friday
1727,23SEP2017,2017,9,23,3,Saturday
1728,24SEP2017,2017,9,24,3,Sunday
1729,25SEP2017,2017,9,25,3,Monday
1730,26SEP2017,2017,9,26,3,Tuesday
1731,27SEP2017,2017,9,27,3,Wednesday
1732,28SEP2017,2017,9,28,3,Thursday
1733,29SEP2017,2017,9,29,3,Friday
1734,30SEP2017,2017,9,30,3,Saturday
1735,01OCT2017,2017,10,1,4,Sunday
1736,02OCT2017,2017,10,2,4,Monday
1737,03OCT2017,2017,10,3,4,Tuesday
1738,04OCT2017,2017,10,4,4,Wednesday
1739,05OCT2017,2017,10,5,4,Thursday
1740,06OCT2017,2017,10,6,4,Friday
1741,07OCT2017,2017,10,7,4,Saturday
1742,08OCT2017,2017,10,8,4,Sunday
1743,09OCT2017,2017,10,9,4,Monday
1744,10OCT2017,2017,10,10,4,Tuesday
1745,11OCT2017,2017,10,11,4,Wednesday
1746,12OCT2017,2017,10,12,4,Thursday
1747,13OCT2017,2017,10,13,4,Friday
1748,14OCT2017,2017,10,14,4,Saturday
1749,15OCT2017,2017,10,15,4,Sunday
1750,16OCT2017,2017,10,16,4,Monday
1751,17OCT2017,2017,10,17,4,Tuesday
1752,18OCT2017,2017,10,18,4,Wednesday
1753,19OCT2017,2017,10,19,4,Thursday
1754,20OCT2017,2017,10,20,4,Friday
1755,21OCT2017,2017,10,21,4,Saturday
1756,22OCT2017,2017,10,22,4,Sunday
1757,23OCT2017,2017,10,23,4,Monday
1758,24OCT2017,2017,10,24,4,Tuesday
1759,25OCT2017,2017,10,25,4,Wednesday
1760,26OCT2017,2017,10,26,4,Thursday
1761,27OCT2017,2017,10,27,4,Friday
1762,28OCT2017,2017,10,28,4,Saturday
1763,29OCT2017,2017,10,29,4,Sunday
1764,30OCT2017,2017,10,30,4,Monday
1765,31OCT2017,2017,10,31,4,Tuesday
1766,01NOV2017,2017,11,1,4,Wednesday
1767,02NOV2017,2017,11,2,4,Thursday
1768,03NOV2017,2017,11,3,4,Friday
1769,04NOV2017,2017,11,4,4,Saturday
1770,05NOV2017,2017,11,5,4,Sunday
1771,06NOV2017,2017,11,6,4,Monday
1772,07NOV2017,2017,11,7,4,Tuesday
1773,08NOV2017,2017,11,8,4,Wednesday
1774,09NOV2017,2017,11,9,4,Thursday
1775,10NOV2017,2017,11,10,4,Friday
1776,11NOV2017,2017,11,11,4,Saturday
1777,12NOV2017,2017,11,12,4,Sunday
1778,13NOV2017,2017,11,13,4,Monday
1779,14NOV2017,2017,11,14,4,Tuesday
1780,15NOV2017,2017,11,15,4,Wednesday
1781,16NOV2017,2017,11,16,4,Thursday
1782,17NOV2017,2017,11,17,4,Friday
1783,18NOV2017,2017,11,18,4,Saturday
1784,19NOV2017,2017,11,19,4,Sunday
1785,20NOV2017,2017,11,20,4,Monday
1786,21NOV2017,2017,11,21,4,Tuesday
1787,22NOV2017,2017,11,22,4,Wednesday
1788,23NOV2017,2017,11,23,4,Thursday
1789,24NOV2017,2017,11,24,4,Friday
1790,25NOV2017,2017,11,25,4,Saturday
1791,26NOV2017,2017,11,26,4,Sunday
1792,27NOV2017,2017,11,27,4,Monday
1793,28NOV2017,2017,11,28,4,Tuesday
1794,29NOV2017,2017,11,29,4,Wednesday
1795,30NOV2017,2017,11,30,4,Thursday
1796,01DEC2017,2017,12,1,4,Friday
1797,02DEC2017,2017,12,2,4,Saturday
1798,03DEC2017,2017,12,3,4,Sunday
1799,04DEC2017,2017,12,4,4,Monday
1800,05DEC2017,2017,12,5,4,Tuesday
1801,06DEC2017,2017,12,6,4,Wednesday
1802,07DEC2017,2017,12,7,4,Thursday
1803,08DEC2017,2017,12,8,4,Friday
1804,09DEC2017,2017,12,9,4,Saturday
1805,10DEC2017,2017,12,10,4,Sunday
1806,11DEC2017,2017,12,11,4,Monday
1807,12DEC2017,2017,12,12,4,Tuesday
1808,13DEC2017,2017,12,13,4,Wednesday
1809,14DEC2017,2017,12,14,4,Thursday
1810,15DEC2017,2017,12,15,4,Friday
1811,16DEC2017,2017,12,16,4,Saturday
1812,17DEC2017,2017,12,17,4,Sunday
1813,18DEC2017,2017,12,18,4,Monday
1814,19DEC2017,2017,12,19,4,Tuesday
1815,20DEC2017,2017,12,20,4,Wednesday
1816,21DEC2017,2017,12,21,4,Thursday
1817,22DEC2017,2017,12,22,4,Friday
1818,23DEC2017,2017,12,23,4,Saturday
1819,24DEC2017,2017,12,24,4,Sunday
1820,25DEC2017,2017,12,25,4,Monday
1821,26DEC2017,2017,12,26,4,Tuesday
1822,27DEC2017,2017,12,27,4,Wednesday
1823,28DEC2017,2017,12,28,4,Thursday
1824,29DEC2017,2017,12,29,4,Friday
1825,30DEC2017,2017,12,30,4,Saturday
1826,31DEC2017,2017,12,31,4,Sunday
1827,02JAN2018,2018,1,2,1,Tuesday
1828,03JAN2018,2018,1,3,1,Wednesday
1829,04JAN2018,2018,1,4,1,Thursday
1830,05JAN2018,2018,1,5,1,Friday
1831,08JAN2018,2018,1,8,1,Monday
1832,09JAN2018,2018,1,9,1,Tuesday
1833,10JAN2018,2018,1,10,1,Wednesday
1834,11JAN2018,2018,1,11,1,Thursday
1835,12JAN2018,2018,1,12,1,Friday
1836,16JAN2018,2018,1,16,1,Tuesday
